Id;Datum;Zeit;IL1;UL1
1;15.09.2020;09:03:08.000;8.196;184.225
2;15.09.2020;09:03:09.000;8.276;184.215
3;15.09.2020;09:03:10.000;8.315;184.231
4;15.09.2020;09:03:11.000;8.246;184.195
5;15.09.2020;09:03:12.000;8.317;184.262
6;15.09.2020;09:03:13.000;8.302;184.272
7;15.09.2020;09:03:14.000;8.284;184.240
8;15.09.2020;09:03:15.000;8.281;184.225
9;15.09.2020;09:03:16.000;8.286;184.215
10;15.09.2020;09:03:17.000;8.296;184.255
11;15.09.2020;09:03:18.000;12.144;184.123
12;15.09.2020;09:03:19.000;15.412;183.951
13;15.09.2020;09:03:20.000;16.816;183.849
14;15.09.2020;09:03:21.000;17.750;183.753
15;15.09.2020;09:03:22.000;18.859;183.664
16;15.09.2020;09:03:23.000;18.010;185.120
17;15.09.2020;09:03:24.000;17.563;186.129
18;15.09.2020;09:03:25.000;17.706;186.234
19;15.09.2020;09:03:26.000;17.721;186.255
20;15.09.2020;09:03:27.000;17.728;186.283
21;15.09.2020;09:03:28.000;17.460;186.338
22;15.09.2020;09:03:29.000;17.836;186.351
23;15.09.2020;09:03:30.000;17.689;186.342
24;15.09.2020;09:03:31.000;17.649;186.290
25;15.09.2020;09:03:32.000;17.837;186.271
26;15.09.2020;09:03:33.000;17.634;186.335
27;15.09.2020;09:03:34.000;17.559;186.336
28;15.09.2020;09:03:35.000;17.499;186.570
29;15.09.2020;09:03:36.000;17.362;186.865
30;15.09.2020;09:03:37.000;17.235;186.881
31;15.09.2020;09:03:38.000;17.565;186.923
32;15.09.2020;09:03:39.000;17.283;186.977
33;15.09.2020;09:03:40.000;17.472;186.949
34;15.09.2020;09:03:41.000;17.462;186.921
35;15.09.2020;09:03:42.000;17.736;186.903
36;15.09.2020;09:03:43.000;17.657;187.087
37;15.09.2020;09:03:44.000;17.803;187.102
38;15.09.2020;09:03:45.000;17.712;187.094
39;15.09.2020;09:03:46.000;17.896;187.072
40;15.09.2020;09:03:47.000;17.542;187.055
41;15.09.2020;09:03:48.000;17.804;187.078
42;15.09.2020;09:03:49.000;17.606;187.156
43;15.09.2020;09:03:50.000;17.787;187.151
44;15.09.2020;09:03:51.000;17.519;187.126
45;15.09.2020;09:03:52.000;17.906;187.074
46;15.09.2020;09:03:53.000;17.495;187.117
47;15.09.2020;09:03:54.000;17.834;187.107
48;15.09.2020;09:03:55.000;17.550;187.105
49;15.09.2020;09:03:56.000;17.829;187.029
50;15.09.2020;09:03:57.000;17.595;187.046
51;15.09.2020;09:03:58.000;17.717;187.085
52;15.09.2020;09:03:59.000;17.516;186.988
53;15.09.2020;09:04:00.000;17.746;186.974
54;15.09.2020;09:04:01.000;17.657;186.933
55;15.09.2020;09:04:02.000;17.530;186.894
56;15.09.2020;09:04:03.000;17.821;186.933
57;15.09.2020;09:04:04.000;17.614;186.990
58;15.09.2020;09:04:05.000;17.463;186.985
59;15.09.2020;09:04:06.000;17.623;186.922
60;15.09.2020;09:04:07.000;17.893;186.935
61;15.09.2020;09:04:08.000;17.839;187.015
62;15.09.2020;09:04:09.000;17.571;186.983
63;15.09.2020;09:04:10.000;17.628;186.948
64;15.09.2020;09:04:11.000;17.508;186.941
65;15.09.2020;09:04:12.000;17.701;186.929
66;15.09.2020;09:04:13.000;17.881;186.954
67;15.09.2020;09:04:14.000;17.736;186.944
68;15.09.2020;09:04:15.000;17.860;186.953
69;15.09.2020;09:04:16.000;17.511;187.026
70;15.09.2020;09:04:17.000;17.848;187.011
71;15.09.2020;09:04:18.000;17.716;187.061
72;15.09.2020;09:04:19.000;17.552;187.078
73;15.09.2020;09:04:20.000;17.647;187.067
74;15.09.2020;09:04:21.000;17.754;187.076
75;15.09.2020;09:04:22.000;17.741;187.088
76;15.09.2020;09:04:23.000;17.624;187.053
77;15.09.2020;09:04:24.000;17.864;187.013
78;15.09.2020;09:04:25.000;17.585;187.029
79;15.09.2020;09:04:26.000;17.355;187.037
80;15.09.2020;09:04:27.000;17.498;187.028
81;15.09.2020;09:04:28.000;17.814;187.021
82;15.09.2020;09:04:29.000;17.694;187.017
83;15.09.2020;09:04:30.000;17.569;187.037
84;15.09.2020;09:04:31.000;17.450;187.033
85;15.09.2020;09:04:32.000;17.894;187.005
86;15.09.2020;09:04:33.000;17.535;187.070
87;15.09.2020;09:04:34.000;17.725;186.990
88;15.09.2020;09:04:35.000;17.732;186.929
89;15.09.2020;09:04:36.000;17.529;186.951
90;15.09.2020;09:04:37.000;17.624;186.952
91;15.09.2020;09:04:38.000;17.673;186.913
92;15.09.2020;09:04:39.000;17.555;186.926
93;15.09.2020;09:04:40.000;17.959;186.906
94;15.09.2020;09:04:41.000;17.902;186.901
95;15.09.2020;09:04:42.000;17.758;186.876
96;15.09.2020;09:04:43.000;17.496;186.923
97;15.09.2020;09:04:44.000;17.865;186.893
98;15.09.2020;09:04:45.000;17.787;186.874
99;15.09.2020;09:04:46.000;17.607;186.918
100;15.09.2020;09:04:47.000;17.739;186.928
101;15.09.2020;09:04:48.000;17.634;186.947
102;15.09.2020;09:04:49.000;17.781;186.926
103;15.09.2020;09:04:50.000;17.601;186.931
104;15.09.2020;09:04:51.000;17.821;186.908
105;15.09.2020;09:04:52.000;17.620;186.913
106;15.09.2020;09:04:53.000;17.539;186.907
107;15.09.2020;09:04:54.000;17.522;186.905
108;15.09.2020;09:04:55.000;17.969;186.867
109;15.09.2020;09:04:56.000;17.619;186.849
110;15.09.2020;09:04:57.000;17.756;186.815
111;15.09.2020;09:04:58.000;17.765;186.909
112;15.09.2020;09:04:59.000;17.795;186.891
113;15.09.2020;09:05:00.000;17.625;186.875
114;15.09.2020;09:05:01.000;17.763;186.815
115;15.09.2020;09:05:02.000;17.617;186.741
116;15.09.2020;09:05:03.000;17.621;186.759
117;15.09.2020;09:05:04.000;17.631;186.805
118;15.09.2020;09:05:05.000;17.557;186.798
119;15.09.2020;09:05:06.000;17.957;186.775
120;15.09.2020;09:05:07.000;17.532;186.776
121;15.09.2020;09:05:08.000;17.734;186.787
122;15.09.2020;09:05:09.000;17.881;186.823
123;15.09.2020;09:05:10.000;17.511;186.837
124;15.09.2020;09:05:11.000;17.679;186.812
125;15.09.2020;09:05:12.000;18.017;186.801
126;15.09.2020;09:05:13.000;17.734;186.833
127;15.09.2020;09:05:14.000;17.632;186.884
128;15.09.2020;09:05:15.000;17.577;186.981
129;15.09.2020;09:05:16.000;17.888;186.907
130;15.09.2020;09:05:17.000;17.892;186.902
131;15.09.2020;09:05:18.000;17.767;186.968
132;15.09.2020;09:05:19.000;17.424;186.989
133;15.09.2020;09:05:20.000;17.788;186.960
134;15.09.2020;09:05:21.000;17.639;186.974
135;15.09.2020;09:05:22.000;17.766;186.995
136;15.09.2020;09:05:23.000;17.377;187.026
137;15.09.2020;09:05:24.000;17.798;186.990
138;15.09.2020;09:05:25.000;17.848;186.971
139;15.09.2020;09:05:26.000;17.749;186.959
140;15.09.2020;09:05:27.000;17.807;186.902
141;15.09.2020;09:05:28.000;17.822;186.876
142;15.09.2020;09:05:29.000;17.845;186.833
143;15.09.2020;09:05:30.000;17.579;186.867
144;15.09.2020;09:05:31.000;17.550;186.905
145;15.09.2020;09:05:32.000;17.969;185.310
146;15.09.2020;09:05:33.000;17.664;183.853
147;15.09.2020;09:05:34.000;17.680;183.869
148;15.09.2020;09:05:35.000;17.839;183.934
149;15.09.2020;09:05:36.000;17.807;183.960
150;15.09.2020;09:05:37.000;17.279;183.952
151;15.09.2020;09:05:38.000;17.561;183.928
152;15.09.2020;09:05:39.000;17.617;183.906
153;15.09.2020;09:05:40.000;17.539;183.911
154;15.09.2020;09:05:41.000;17.596;183.842
155;15.09.2020;09:05:42.000;17.783;183.846
156;15.09.2020;09:05:43.000;17.647;183.892
157;15.09.2020;09:05:44.000;17.663;183.891
158;15.09.2020;09:05:45.000;17.737;183.880
159;15.09.2020;09:05:46.000;17.861;183.830
160;15.09.2020;09:05:47.000;17.104;183.818
161;15.09.2020;09:05:48.000;17.772;183.837
162;15.09.2020;09:05:49.000;17.542;183.859
163;15.09.2020;09:05:50.000;17.567;183.788
164;15.09.2020;09:05:51.000;17.609;183.652
165;15.09.2020;09:05:52.000;17.646;183.684
166;15.09.2020;09:05:53.000;17.463;183.779
167;15.09.2020;09:05:54.000;17.667;183.755
168;15.09.2020;09:05:55.000;17.845;183.813
169;15.09.2020;09:05:56.000;17.307;183.809
170;15.09.2020;09:05:57.000;17.726;183.809
171;15.09.2020;09:05:58.000;17.566;183.835
172;15.09.2020;09:05:59.000;17.592;183.816
173;15.09.2020;09:06:00.000;17.596;183.805
174;15.09.2020;09:06:01.000;17.551;183.784
175;15.09.2020;09:06:02.000;17.577;183.776
176;15.09.2020;09:06:03.000;17.653;183.699
177;15.09.2020;09:06:04.000;16.572;183.764
178;15.09.2020;09:06:05.000;13.577;183.955
179;15.09.2020;09:06:06.000;13.523;183.958
180;15.09.2020;09:06:07.000;13.696;183.945
181;15.09.2020;09:06:08.000;11.595;184.110
182;15.09.2020;09:06:09.000;7.805;184.282
183;15.09.2020;09:06:10.000;1.522;184.475
184;15.09.2020;09:06:11.000;1.457;184.484
185;15.09.2020;09:06:12.000;1.441;184.475
186;15.09.2020;09:06:13.000;1.458;184.510
187;15.09.2020;09:06:14.000;0.476;184.550
188;15.09.2020;09:06:15.000;0.025;184.582
189;15.09.2020;09:06:16.000;0.025;184.555
190;15.09.2020;09:06:17.000;0.025;184.579
191;15.09.2020;09:06:18.000;0.026;184.611
192;15.09.2020;09:06:19.000;0.025;184.606
193;15.09.2020;09:06:20.000;0.025;184.546
194;15.09.2020;09:06:21.000;0.025;184.544
195;15.09.2020;09:06:22.000;0.025;184.534
196;15.09.2020;09:06:23.000;0.025;184.550
197;15.09.2020;09:06:24.000;0.025;184.547
198;15.09.2020;09:06:25.000;0.025;184.516
199;15.09.2020;09:06:26.000;0.025;184.547
200;15.09.2020;09:06:27.000;0.025;184.507
201;15.09.2020;09:06:28.000;0.025;184.549
202;15.09.2020;09:06:29.000;0.026;184.544
203;15.09.2020;09:06:30.000;0.025;184.544
204;15.09.2020;09:06:31.000;0.026;184.536
205;15.09.2020;09:06:32.000;0.026;184.519
206;15.09.2020;09:06:33.000;0.025;184.578
207;15.09.2020;09:06:34.000;0.026;184.517
208;15.09.2020;09:06:35.000;0.026;184.526
209;15.09.2020;09:06:36.000;0.026;184.575
210;15.09.2020;09:06:37.000;0.025;184.589
211;15.09.2020;09:06:38.000;0.026;184.609
212;15.09.2020;09:06:39.000;0.025;184.648
213;15.09.2020;09:06:40.000;0.025;184.648
214;15.09.2020;09:06:41.000;0.025;184.574
215;15.09.2020;09:06:42.000;0.025;184.564
216;15.09.2020;09:06:43.000;0.025;184.598
217;15.09.2020;09:06:44.000;0.025;184.573
218;15.09.2020;09:06:45.000;0.025;184.600
219;15.09.2020;09:06:46.000;0.025;184.629
220;15.09.2020;09:06:47.000;0.025;184.634
221;15.09.2020;09:06:48.000;0.025;184.668
222;15.09.2020;09:06:49.000;0.026;184.669
223;15.09.2020;09:06:50.000;0.025;184.707
224;15.09.2020;09:06:51.000;0.025;184.685
225;15.09.2020;09:06:52.000;0.025;184.630
226;15.09.2020;09:06:53.000;0.025;184.661
227;15.09.2020;09:06:54.000;0.025;184.588
228;15.09.2020;09:06:55.000;0.025;184.586
229;15.09.2020;09:06:56.000;0.025;184.589
230;15.09.2020;09:06:57.000;0.025;184.594
231;15.09.2020;09:06:58.000;0.025;184.574
232;15.09.2020;09:06:59.000;0.025;184.541
233;15.09.2020;09:07:00.000;0.025;184.539
234;15.09.2020;09:07:01.000;0.025;184.514
235;15.09.2020;09:07:02.000;0.025;184.464
236;15.09.2020;09:07:03.000;0.025;184.535
237;15.09.2020;09:07:04.000;0.025;184.721
238;15.09.2020;09:07:05.000;0.025;187.742
239;15.09.2020;09:07:06.000;0.025;187.687
240;15.09.2020;09:07:07.000;0.025;187.659
241;15.09.2020;09:07:08.000;0.025;187.710
242;15.09.2020;09:07:09.000;0.025;187.709
243;15.09.2020;09:07:10.000;0.025;187.762
244;15.09.2020;09:07:11.000;0.025;187.785
245;15.09.2020;09:07:12.000;0.025;187.806
246;15.09.2020;09:07:13.000;0.026;187.782
247;15.09.2020;09:07:14.000;0.025;187.761
248;15.09.2020;09:07:15.000;0.025;187.831
249;15.09.2020;09:07:16.000;0.025;187.778
250;15.09.2020;09:07:17.000;0.025;187.776
251;15.09.2020;09:07:18.000;0.025;187.822
252;15.09.2020;09:07:19.000;0.025;187.821
253;15.09.2020;09:07:20.000;0.025;187.850
254;15.09.2020;09:07:21.000;0.025;187.751
255;15.09.2020;09:07:22.000;0.025;187.719
256;15.09.2020;09:07:23.000;0.025;187.727
257;15.09.2020;09:07:24.000;0.025;187.733
258;15.09.2020;09:07:25.000;0.025;187.782
259;15.09.2020;09:07:26.000;0.025;187.729
260;15.09.2020;09:07:27.000;0.026;187.673
261;15.09.2020;09:07:28.000;0.025;187.746
262;15.09.2020;09:07:29.000;0.025;187.798
263;15.09.2020;09:07:30.000;0.025;187.772
264;15.09.2020;09:07:31.000;0.025;187.765
265;15.09.2020;09:07:32.000;0.026;187.740
266;15.09.2020;09:07:33.000;0.025;187.829
267;15.09.2020;09:07:34.000;0.025;187.862
268;15.09.2020;09:07:35.000;0.025;187.844
269;15.09.2020;09:07:36.000;0.025;187.791
270;15.09.2020;09:07:37.000;0.025;187.760
271;15.09.2020;09:07:38.000;0.025;187.811
272;15.09.2020;09:07:39.000;0.026;187.823
273;15.09.2020;09:07:40.000;0.025;187.806
274;15.09.2020;09:07:41.000;0.025;187.741
275;15.09.2020;09:07:42.000;0.025;187.713
276;15.09.2020;09:07:43.000;0.025;187.775
277;15.09.2020;09:07:44.000;0.025;187.769
278;15.09.2020;09:07:45.000;0.025;187.737
279;15.09.2020;09:07:46.000;0.025;187.585
280;15.09.2020;09:07:47.000;0.025;187.620
281;15.09.2020;09:07:48.000;0.025;187.617
282;15.09.2020;09:07:49.000;0.025;187.597
283;15.09.2020;09:07:50.000;0.026;187.589
284;15.09.2020;09:07:51.000;0.025;187.608
285;15.09.2020;09:07:52.000;0.025;187.641
286;15.09.2020;09:07:53.000;0.025;187.677
287;15.09.2020;09:07:54.000;0.025;187.667
288;15.09.2020;09:07:55.000;0.025;187.611
289;15.09.2020;09:07:56.000;0.025;187.519
290;15.09.2020;09:07:57.000;0.025;187.522
291;15.09.2020;09:07:58.000;0.025;187.560
292;15.09.2020;09:07:59.000;0.025;187.521
293;15.09.2020;09:08:00.000;0.025;187.554
294;15.09.2020;09:08:01.000;0.025;187.655
295;15.09.2020;09:08:02.000;0.025;187.634
296;15.09.2020;09:08:03.000;0.025;187.642
297;15.09.2020;09:08:04.000;0.025;187.668
298;15.09.2020;09:08:05.000;0.025;187.654
299;15.09.2020;09:08:06.000;0.025;187.680
300;15.09.2020;09:08:07.000;0.025;187.712
301;15.09.2020;09:08:08.000;0.025;187.744
302;15.09.2020;09:08:09.000;0.025;187.696
303;15.09.2020;09:08:10.000;0.026;187.719
304;15.09.2020;09:08:11.000;0.025;187.700
305;15.09.2020;09:08:12.000;0.025;187.682
306;15.09.2020;09:08:13.000;0.025;187.677
307;15.09.2020;09:08:14.000;0.026;187.725
308;15.09.2020;09:08:15.000;0.026;187.716
309;15.09.2020;09:08:16.000;0.025;187.667
310;15.09.2020;09:08:17.000;0.025;187.686
311;15.09.2020;09:08:18.000;0.025;187.746
312;15.09.2020;09:08:19.000;0.025;187.726
313;15.09.2020;09:08:20.000;0.025;187.718
314;15.09.2020;09:08:21.000;0.026;187.718
315;15.09.2020;09:08:22.000;0.026;187.758
316;15.09.2020;09:08:23.000;0.025;187.805
317;15.09.2020;09:08:24.000;0.026;187.800
318;15.09.2020;09:08:25.000;0.025;187.821
319;15.09.2020;09:08:26.000;0.025;187.773
320;15.09.2020;09:08:27.000;0.025;187.747
321;15.09.2020;09:08:28.000;0.025;187.810
322;15.09.2020;09:08:29.000;0.025;187.807
323;15.09.2020;09:08:30.000;0.025;187.833
324;15.09.2020;09:08:31.000;0.025;187.826
325;15.09.2020;09:08:32.000;0.025;187.786
326;15.09.2020;09:08:33.000;0.025;187.870
327;15.09.2020;09:08:34.000;0.025;187.889
328;15.09.2020;09:08:35.000;0.025;187.895
329;15.09.2020;09:08:36.000;0.025;187.884
330;15.09.2020;09:08:37.000;0.025;187.876
331;15.09.2020;09:08:38.000;0.025;187.853
332;15.09.2020;09:08:39.000;0.025;187.939
333;15.09.2020;09:08:40.000;0.025;187.966
334;15.09.2020;09:08:41.000;0.025;187.923
335;15.09.2020;09:08:42.000;0.025;187.914
336;15.09.2020;09:08:43.000;0.025;187.955
337;15.09.2020;09:08:44.000;0.025;187.987
338;15.09.2020;09:08:45.000;0.025;187.981
339;15.09.2020;09:08:46.000;0.025;188.027
340;15.09.2020;09:08:47.000;0.025;187.999
341;15.09.2020;09:08:48.000;0.025;188.017
342;15.09.2020;09:08:49.000;0.025;188.075
343;15.09.2020;09:08:50.000;0.025;188.106
344;15.09.2020;09:08:51.000;0.025;188.069
345;15.09.2020;09:08:52.000;0.025;188.067
346;15.09.2020;09:08:53.000;0.025;188.090
347;15.09.2020;09:08:54.000;0.025;188.133
348;15.09.2020;09:08:55.000;0.025;188.190
349;15.09.2020;09:08:56.000;0.025;188.169
350;15.09.2020;09:08:57.000;0.025;188.105
351;15.09.2020;09:08:58.000;0.025;188.148
352;15.09.2020;09:08:59.000;0.025;188.215
353;15.09.2020;09:09:00.000;0.025;188.210
354;15.09.2020;09:09:01.000;0.025;188.204
355;15.09.2020;09:09:02.000;0.025;188.179
356;15.09.2020;09:09:03.000;0.025;188.199
357;15.09.2020;09:09:04.000;0.025;188.223
358;15.09.2020;09:09:05.000;0.025;188.221
359;15.09.2020;09:09:06.000;0.025;188.179
360;15.09.2020;09:09:07.000;0.025;188.128
361;15.09.2020;09:09:08.000;0.025;188.126
362;15.09.2020;09:09:09.000;0.025;188.119
363;15.09.2020;09:09:10.000;0.025;188.144
364;15.09.2020;09:09:11.000;0.025;188.113
365;15.09.2020;09:09:12.000;0.025;188.060
366;15.09.2020;09:09:13.000;0.025;188.104
367;15.09.2020;09:09:14.000;0.026;188.177
368;15.09.2020;09:09:15.000;0.025;188.151
369;15.09.2020;09:09:16.000;0.025;188.155
370;15.09.2020;09:09:17.000;0.025;188.132
371;15.09.2020;09:09:18.000;0.025;188.182
372;15.09.2020;09:09:19.000;0.025;188.178
373;15.09.2020;09:09:20.000;0.025;188.151
374;15.09.2020;09:09:21.000;0.025;188.097
375;15.09.2020;09:09:22.000;0.025;188.040
376;15.09.2020;09:09:23.000;0.025;188.122
377;15.09.2020;09:09:24.000;0.025;188.148
378;15.09.2020;09:09:25.000;0.025;188.158
379;15.09.2020;09:09:26.000;0.025;188.146
380;15.09.2020;09:09:27.000;0.025;188.119
381;15.09.2020;09:09:28.000;0.026;188.176
382;15.09.2020;09:09:29.000;0.025;188.230
383;15.09.2020;09:09:30.000;0.025;188.258
384;15.09.2020;09:09:31.000;0.025;188.458
385;15.09.2020;09:09:32.000;0.025;188.409
386;15.09.2020;09:09:33.000;0.025;188.419
387;15.09.2020;09:09:34.000;0.025;188.462
388;15.09.2020;09:09:35.000;0.025;188.486
389;15.09.2020;09:09:36.000;0.025;188.450
390;15.09.2020;09:09:37.000;0.025;188.489
391;15.09.2020;09:09:38.000;0.025;188.501
392;15.09.2020;09:09:39.000;0.025;188.435
393;15.09.2020;09:09:40.000;0.025;188.403
394;15.09.2020;09:09:41.000;0.025;188.357
395;15.09.2020;09:09:42.000;0.025;188.377
396;15.09.2020;09:09:43.000;0.026;188.395
397;15.09.2020;09:09:44.000;0.025;188.393
398;15.09.2020;09:09:45.000;0.025;188.354
399;15.09.2020;09:09:46.000;0.025;188.370
400;15.09.2020;09:09:47.000;0.025;188.396
401;15.09.2020;09:09:48.000;0.026;188.397
402;15.09.2020;09:09:49.000;0.025;188.350
403;15.09.2020;09:09:50.000;0.025;188.328
404;15.09.2020;09:09:51.000;0.025;188.260
405;15.09.2020;09:09:52.000;0.025;188.268
406;15.09.2020;09:09:53.000;0.025;188.263
407;15.09.2020;09:09:54.000;0.025;188.274
408;15.09.2020;09:09:55.000;0.025;188.291
409;15.09.2020;09:09:56.000;0.025;188.275
410;15.09.2020;09:09:57.000;0.026;188.248
411;15.09.2020;09:09:58.000;0.025;188.260
412;15.09.2020;09:09:59.000;0.025;188.263
413;15.09.2020;09:10:00.000;0.025;188.306
414;15.09.2020;09:10:01.000;0.025;188.294
415;15.09.2020;09:10:02.000;0.025;188.337
416;15.09.2020;09:10:03.000;0.025;188.354
417;15.09.2020;09:10:04.000;0.025;188.313
418;15.09.2020;09:10:05.000;0.026;188.282
419;15.09.2020;09:10:06.000;0.025;188.252
420;15.09.2020;09:10:07.000;0.025;188.281
421;15.09.2020;09:10:08.000;0.025;188.330
422;15.09.2020;09:10:09.000;0.025;188.332
423;15.09.2020;09:10:10.000;0.025;188.326
424;15.09.2020;09:10:11.000;0.026;188.279
425;15.09.2020;09:10:12.000;0.025;188.292
426;15.09.2020;09:10:13.000;0.025;188.326
427;15.09.2020;09:10:14.000;0.025;188.328
428;15.09.2020;09:10:15.000;0.025;188.336
429;15.09.2020;09:10:16.000;0.025;188.347
430;15.09.2020;09:10:17.000;0.025;188.346
431;15.09.2020;09:10:18.000;0.025;188.439
432;15.09.2020;09:10:19.000;0.025;188.503
433;15.09.2020;09:10:20.000;0.026;188.518
434;15.09.2020;09:10:21.000;0.025;188.510
435;15.09.2020;09:10:22.000;0.025;188.494
436;15.09.2020;09:10:23.000;0.025;188.508
437;15.09.2020;09:10:24.000;0.025;188.538
438;15.09.2020;09:10:25.000;0.025;188.563
439;15.09.2020;09:10:26.000;0.025;188.553
440;15.09.2020;09:10:27.000;0.026;188.548
441;15.09.2020;09:10:28.000;0.025;188.559
442;15.09.2020;09:10:29.000;0.025;188.607
443;15.09.2020;09:10:30.000;0.025;188.552
444;15.09.2020;09:10:31.000;0.025;188.529
445;15.09.2020;09:10:32.000;0.025;188.512
446;15.09.2020;09:10:33.000;0.025;188.560
447;15.09.2020;09:10:34.000;0.025;188.576
448;15.09.2020;09:10:35.000;0.026;188.592
449;15.09.2020;09:10:36.000;0.025;188.560
450;15.09.2020;09:10:37.000;0.025;188.457
451;15.09.2020;09:10:38.000;0.025;188.424
452;15.09.2020;09:10:39.000;0.025;188.445
453;15.09.2020;09:10:40.000;0.026;188.473
454;15.09.2020;09:10:41.000;0.025;188.419
455;15.09.2020;09:10:42.000;0.025;188.437
456;15.09.2020;09:10:43.000;0.025;188.484
457;15.09.2020;09:10:44.000;0.026;188.463
458;15.09.2020;09:10:45.000;0.025;188.509
459;15.09.2020;09:10:46.000;0.025;188.501
460;15.09.2020;09:10:47.000;0.025;188.465
461;15.09.2020;09:10:48.000;0.025;188.470
462;15.09.2020;09:10:49.000;0.025;188.519
463;15.09.2020;09:10:50.000;0.025;188.534
464;15.09.2020;09:10:51.000;0.026;188.501
465;15.09.2020;09:10:52.000;0.025;188.492
466;15.09.2020;09:10:53.000;0.025;188.578
467;15.09.2020;09:10:54.000;0.026;188.612
468;15.09.2020;09:10:55.000;0.026;188.595
469;15.09.2020;09:10:56.000;0.025;188.561
470;15.09.2020;09:10:57.000;0.026;188.537
471;15.09.2020;09:10:58.000;43.107;188.118
472;15.09.2020;09:10:59.000;1.615;188.509
473;15.09.2020;09:11:00.000;1.602;188.525
474;15.09.2020;09:11:01.000;8.197;188.248
475;15.09.2020;09:11:02.000;9.143;188.095
476;15.09.2020;09:11:03.000;8.969;188.124
477;15.09.2020;09:11:04.000;12.095;188.000
478;15.09.2020;09:11:05.000;15.057;187.805
479;15.09.2020;09:11:06.000;15.164;187.742
480;15.09.2020;09:11:07.000;15.121;187.730
481;15.09.2020;09:11:08.000;13.088;187.864
482;15.09.2020;09:11:09.000;13.028;187.793
483;15.09.2020;09:11:10.000;14.162;187.749
484;15.09.2020;09:11:11.000;14.012;187.740
485;15.09.2020;09:11:12.000;14.352;187.716
486;15.09.2020;09:11:13.000;14.671;187.724
487;15.09.2020;09:11:14.000;14.647;187.696
488;15.09.2020;09:11:15.000;14.553;187.694
489;15.09.2020;09:11:16.000;14.905;187.614
490;15.09.2020;09:11:17.000;14.971;187.591
491;15.09.2020;09:11:18.000;14.593;187.662
492;15.09.2020;09:11:19.000;14.769;187.716
493;15.09.2020;09:11:20.000;14.996;187.743
494;15.09.2020;09:11:21.000;14.822;187.748
495;15.09.2020;09:11:22.000;15.155;187.684
496;15.09.2020;09:11:23.000;15.029;187.713
497;15.09.2020;09:11:24.000;14.849;187.677
498;15.09.2020;09:11:25.000;15.604;187.600
499;15.09.2020;09:11:26.000;15.226;187.558
500;15.09.2020;09:11:27.000;15.344;187.557
501;15.09.2020;09:11:28.000;15.633;187.575
502;15.09.2020;09:11:29.000;15.283;187.585
503;15.09.2020;09:11:30.000;15.722;187.525
504;15.09.2020;09:11:31.000;15.686;187.473
505;15.09.2020;09:11:32.000;16.255;187.419
506;15.09.2020;09:11:33.000;16.103;187.392
507;15.09.2020;09:11:34.000;16.393;187.333
508;15.09.2020;09:11:35.000;16.310;187.276
509;15.09.2020;09:11:36.000;16.829;187.184
510;15.09.2020;09:11:37.000;16.345;187.238
511;15.09.2020;09:11:38.000;17.094;187.221
512;15.09.2020;09:11:39.000;16.908;187.226
513;15.09.2020;09:11:40.000;16.178;187.242
514;15.09.2020;09:11:41.000;17.622;187.164
515;15.09.2020;09:11:42.000;17.455;187.168
516;15.09.2020;09:11:43.000;17.218;187.162
517;15.09.2020;09:11:44.000;17.749;187.148
518;15.09.2020;09:11:45.000;18.488;187.147
519;15.09.2020;09:11:46.000;18.119;187.143
520;15.09.2020;09:11:47.000;18.943;187.072
521;15.09.2020;09:11:48.000;18.571;187.114
522;15.09.2020;09:11:49.000;16.401;187.237
523;15.09.2020;09:11:50.000;17.749;187.165
524;15.09.2020;09:11:51.000;12.790;187.344
525;15.09.2020;09:11:52.000;9.668;187.477
526;15.09.2020;09:11:53.000;8.160;187.576
527;15.09.2020;09:11:54.000;7.983;187.591
528;15.09.2020;09:11:55.000;7.904;187.608
529;15.09.2020;09:11:56.000;8.350;187.503
530;15.09.2020;09:11:57.000;8.311;187.521
531;15.09.2020;09:11:58.000;8.226;187.619
532;15.09.2020;09:11:59.000;8.189;187.631
533;15.09.2020;09:12:00.000;8.076;187.629
534;15.09.2020;09:12:01.000;8.137;187.647
535;15.09.2020;09:12:02.000;8.261;187.606
536;15.09.2020;09:12:03.000;8.256;187.637
537;15.09.2020;09:12:04.000;8.253;187.597
538;15.09.2020;09:12:05.000;8.046;187.628
539;15.09.2020;09:12:06.000;8.260;187.617
540;15.09.2020;09:12:07.000;8.083;187.582
541;15.09.2020;09:12:08.000;8.289;187.601
542;15.09.2020;09:12:09.000;8.385;187.622
543;15.09.2020;09:12:10.000;8.017;187.615
544;15.09.2020;09:12:11.000;8.317;187.570
545;15.09.2020;09:12:12.000;8.361;187.565
546;15.09.2020;09:12:13.000;7.991;187.624
547;15.09.2020;09:12:14.000;7.975;187.677
548;15.09.2020;09:12:15.000;8.676;187.649
549;15.09.2020;09:12:16.000;8.583;187.664
550;15.09.2020;09:12:17.000;8.482;187.630
551;15.09.2020;09:12:18.000;8.531;187.635
552;15.09.2020;09:12:19.000;8.548;187.663
553;15.09.2020;09:12:20.000;8.380;187.698
554;15.09.2020;09:12:21.000;8.481;187.671
555;15.09.2020;09:12:22.000;8.110;187.632
556;15.09.2020;09:12:23.000;8.464;187.619
557;15.09.2020;09:12:24.000;8.310;187.656
558;15.09.2020;09:12:25.000;8.291;187.628
559;15.09.2020;09:12:26.000;8.212;187.609
560;15.09.2020;09:12:27.000;8.183;187.616
561;15.09.2020;09:12:28.000;8.044;187.658
562;15.09.2020;09:12:29.000;7.997;186.318
563;15.09.2020;09:12:30.000;8.940;184.451
564;15.09.2020;09:12:31.000;8.535;184.509
565;15.09.2020;09:12:32.000;8.337;184.558
566;15.09.2020;09:12:33.000;8.609;184.591
567;15.09.2020;09:12:34.000;8.612;184.645
568;15.09.2020;09:12:35.000;8.526;184.613
569;15.09.2020;09:12:36.000;8.351;184.529
570;15.09.2020;09:12:37.000;8.091;184.516
571;15.09.2020;09:12:38.000;7.967;184.509
572;15.09.2020;09:12:39.000;8.249;184.500
573;15.09.2020;09:12:40.000;8.286;184.426
574;15.09.2020;09:12:41.000;8.029;184.388
575;15.09.2020;09:12:42.000;8.412;184.350
576;15.09.2020;09:12:43.000;8.312;184.355
577;15.09.2020;09:12:44.000;8.249;184.434
578;15.09.2020;09:12:45.000;8.180;184.443
579;15.09.2020;09:12:46.000;8.123;184.358
580;15.09.2020;09:12:47.000;8.245;184.368
581;15.09.2020;09:12:48.000;8.524;184.408
582;15.09.2020;09:12:49.000;8.405;184.473
583;15.09.2020;09:12:50.000;8.281;184.418
584;15.09.2020;09:12:51.000;8.433;184.384
585;15.09.2020;09:12:52.000;8.011;184.419
586;15.09.2020;09:12:53.000;8.169;184.435
587;15.09.2020;09:12:54.000;8.005;184.512
588;15.09.2020;09:12:55.000;7.961;184.537
589;15.09.2020;09:12:56.000;8.375;184.479
590;15.09.2020;09:12:57.000;8.436;184.422
591;15.09.2020;09:12:58.000;8.228;184.477
592;15.09.2020;09:12:59.000;8.280;184.547
593;15.09.2020;09:13:00.000;8.515;184.513
594;15.09.2020;09:13:01.000;8.296;184.538
595;15.09.2020;09:13:02.000;8.077;184.486
596;15.09.2020;09:13:03.000;8.238;184.510
597;15.09.2020;09:13:04.000;8.246;184.546
598;15.09.2020;09:13:05.000;8.354;184.509
599;15.09.2020;09:13:06.000;8.365;184.522
600;15.09.2020;09:13:07.000;8.430;184.539
601;15.09.2020;09:13:08.000;8.321;184.608
602;15.09.2020;09:13:09.000;8.484;184.592
603;15.09.2020;09:13:10.000;8.082;184.570
604;15.09.2020;09:13:11.000;8.567;184.552
605;15.09.2020;09:13:12.000;8.327;184.586
606;15.09.2020;09:13:13.000;8.587;184.653
607;15.09.2020;09:13:14.000;8.381;184.654
608;15.09.2020;09:13:15.000;8.267;184.641
609;15.09.2020;09:13:16.000;8.290;184.600
610;15.09.2020;09:13:17.000;8.578;184.639
611;15.09.2020;09:13:18.000;8.365;184.705
612;15.09.2020;09:13:19.000;8.368;184.733
613;15.09.2020;09:13:20.000;8.662;184.745
614;15.09.2020;09:13:21.000;8.418;184.742
615;15.09.2020;09:13:22.000;8.567;184.734
616;15.09.2020;09:13:23.000;8.334;184.774
617;15.09.2020;09:13:24.000;8.497;184.774
618;15.09.2020;09:13:25.000;8.350;184.769
619;15.09.2020;09:13:26.000;8.239;184.749
620;15.09.2020;09:13:27.000;8.481;184.804
621;15.09.2020;09:13:28.000;8.299;184.873
622;15.09.2020;09:13:29.000;8.263;184.903
623;15.09.2020;09:13:30.000;8.309;184.868
624;15.09.2020;09:13:31.000;8.117;184.837
625;15.09.2020;09:13:32.000;8.118;184.907
626;15.09.2020;09:13:33.000;8.099;184.930
627;15.09.2020;09:13:34.000;8.233;184.955
628;15.09.2020;09:13:35.000;8.004;184.931
629;15.09.2020;09:13:36.000;8.129;184.887
630;15.09.2020;09:13:37.000;8.180;184.869
631;15.09.2020;09:13:38.000;8.496;184.866
632;15.09.2020;09:13:39.000;8.424;184.895
633;15.09.2020;09:13:40.000;8.398;184.894
634;15.09.2020;09:13:41.000;8.669;184.907
635;15.09.2020;09:13:42.000;8.479;184.934
636;15.09.2020;09:13:43.000;8.660;184.880
637;15.09.2020;09:13:44.000;8.378;184.906
638;15.09.2020;09:13:45.000;8.641;184.958
639;15.09.2020;09:13:46.000;8.628;184.905
640;15.09.2020;09:13:47.000;8.508;184.857
641;15.09.2020;09:13:48.000;8.444;184.974
642;15.09.2020;09:13:49.000;8.482;184.987
643;15.09.2020;09:13:50.000;8.284;184.956
644;15.09.2020;09:13:51.000;8.260;184.910
645;15.09.2020;09:13:52.000;7.944;184.904
646;15.09.2020;09:13:53.000;8.366;184.969
647;15.09.2020;09:13:54.000;8.325;185.004
648;15.09.2020;09:13:55.000;8.102;185.007
649;15.09.2020;09:13:56.000;8.017;185.025
650;15.09.2020;09:13:57.000;8.378;184.970
651;15.09.2020;09:13:58.000;8.314;185.001
652;15.09.2020;09:13:59.000;8.009;185.098
653;15.09.2020;09:14:00.000;8.284;185.002
654;15.09.2020;09:14:01.000;8.422;184.988
655;15.09.2020;09:14:02.000;8.421;184.999
656;15.09.2020;09:14:03.000;8.730;188.232
657;15.09.2020;09:14:04.000;8.277;188.311
658;15.09.2020;09:14:05.000;10.146;188.238
659;15.09.2020;09:14:06.000;14.498;188.046
660;15.09.2020;09:14:07.000;17.192;187.898
661;15.09.2020;09:14:08.000;18.053;187.865
662;15.09.2020;09:14:09.000;19.838;187.832
663;15.09.2020;09:14:10.000;15.762;188.011
664;15.09.2020;09:14:11.000;19.882;187.783
665;15.09.2020;09:14:12.000;20.785;187.695
666;15.09.2020;09:14:13.000;19.718;187.755
667;15.09.2020;09:14:14.000;20.431;187.772
668;15.09.2020;09:14:15.000;19.463;187.819
669;15.09.2020;09:14:16.000;18.528;187.876
670;15.09.2020;09:14:17.000;17.892;187.925
671;15.09.2020;09:14:18.000;19.546;187.855
672;15.09.2020;09:14:19.000;17.542;187.958
673;15.09.2020;09:14:20.000;14.589;188.067
674;15.09.2020;09:14:21.000;18.671;187.804
675;15.09.2020;09:14:22.000;20.751;187.604
676;15.09.2020;09:14:23.000;20.268;187.637
677;15.09.2020;09:14:24.000;20.486;187.641
678;15.09.2020;09:14:25.000;20.747;187.643
679;15.09.2020;09:14:26.000;20.423;187.657
680;15.09.2020;09:14:27.000;20.174;187.655
681;15.09.2020;09:14:28.000;20.329;187.637
682;15.09.2020;09:14:29.000;20.321;187.662
683;15.09.2020;09:14:30.000;20.660;187.584
684;15.09.2020;09:14:31.000;19.934;187.550
685;15.09.2020;09:14:32.000;20.259;187.517
686;15.09.2020;09:14:33.000;19.930;187.543
687;15.09.2020;09:14:34.000;20.144;187.579
688;15.09.2020;09:14:35.000;20.383;187.536
689;15.09.2020;09:14:36.000;20.050;187.552
690;15.09.2020;09:14:37.000;20.334;187.501
691;15.09.2020;09:14:38.000;20.022;187.511
692;15.09.2020;09:14:39.000;20.135;187.501
693;15.09.2020;09:14:40.000;20.310;187.491
694;15.09.2020;09:14:41.000;19.897;187.447
695;15.09.2020;09:14:42.000;20.040;187.396
696;15.09.2020;09:14:43.000;20.307;187.403
697;15.09.2020;09:14:44.000;19.971;187.398
698;15.09.2020;09:14:45.000;20.238;187.349
699;15.09.2020;09:14:46.000;20.237;187.328
700;15.09.2020;09:14:47.000;19.884;187.255
701;15.09.2020;09:14:48.000;20.010;187.328
702;15.09.2020;09:14:49.000;20.104;187.365
703;15.09.2020;09:14:50.000;19.919;187.317
704;15.09.2020;09:14:51.000;20.109;187.271
705;15.09.2020;09:14:52.000;19.993;187.234
706;15.09.2020;09:14:53.000;19.851;187.264
707;15.09.2020;09:14:54.000;19.929;187.277
708;15.09.2020;09:14:55.000;20.074;187.284
709;15.09.2020;09:14:56.000;19.762;187.233
710;15.09.2020;09:14:57.000;19.967;187.220
711;15.09.2020;09:14:58.000;20.094;187.279
712;15.09.2020;09:14:59.000;19.898;187.359
713;15.09.2020;09:15:00.000;19.913;187.395
714;15.09.2020;09:15:01.000;19.792;187.416
715;15.09.2020;09:15:02.000;19.866;187.409
716;15.09.2020;09:15:03.000;19.712;187.441
717;15.09.2020;09:15:04.000;19.928;187.397
718;15.09.2020;09:15:05.000;19.689;187.386
719;15.09.2020;09:15:06.000;19.929;187.341
720;15.09.2020;09:15:07.000;19.745;187.335
721;15.09.2020;09:15:08.000;19.489;187.391
722;15.09.2020;09:15:09.000;19.826;187.368
723;15.09.2020;09:15:10.000;19.670;187.361
724;15.09.2020;09:15:11.000;19.812;187.336
725;15.09.2020;09:15:12.000;19.730;187.378
726;15.09.2020;09:15:13.000;19.774;187.416
727;15.09.2020;09:15:14.000;19.690;187.409
728;15.09.2020;09:15:15.000;19.759;187.419
729;15.09.2020;09:15:16.000;19.414;187.449
730;15.09.2020;09:15:17.000;19.783;187.416
731;15.09.2020;09:15:18.000;19.768;187.428
732;15.09.2020;09:15:19.000;19.560;187.468
733;15.09.2020;09:15:20.000;19.919;187.503
734;15.09.2020;09:15:21.000;19.571;187.511
735;15.09.2020;09:15:22.000;19.577;187.536
736;15.09.2020;09:15:23.000;19.699;187.544
737;15.09.2020;09:15:24.000;19.586;187.500
738;15.09.2020;09:15:25.000;19.811;187.469
739;15.09.2020;09:15:26.000;19.725;187.472
740;15.09.2020;09:15:27.000;19.730;187.451
741;15.09.2020;09:15:28.000;19.575;187.522
742;15.09.2020;09:15:29.000;19.578;187.503
743;15.09.2020;09:15:30.000;19.774;187.513
744;15.09.2020;09:15:31.000;19.481;187.437
745;15.09.2020;09:15:32.000;19.578;187.494
746;15.09.2020;09:15:33.000;19.379;187.488
747;15.09.2020;09:15:34.000;19.804;187.460
748;15.09.2020;09:15:35.000;19.553;187.466
749;15.09.2020;09:15:36.000;19.658;187.400
750;15.09.2020;09:15:37.000;19.582;187.371
751;15.09.2020;09:15:38.000;19.610;187.410
752;15.09.2020;09:15:39.000;19.601;187.427
753;15.09.2020;09:15:40.000;19.494;187.441
754;15.09.2020;09:15:41.000;19.728;187.377
755;15.09.2020;09:15:42.000;19.572;187.306
756;15.09.2020;09:15:43.000;19.454;187.378
757;15.09.2020;09:15:44.000;19.456;187.381
758;15.09.2020;09:15:45.000;19.584;187.370
759;15.09.2020;09:15:46.000;19.603;187.351
760;15.09.2020;09:15:47.000;19.577;187.335
761;15.09.2020;09:15:48.000;19.535;187.411
762;15.09.2020;09:15:49.000;19.459;187.510
763;15.09.2020;09:15:50.000;19.541;187.454
764;15.09.2020;09:15:51.000;19.493;187.398
765;15.09.2020;09:15:52.000;19.331;187.361
766;15.09.2020;09:15:53.000;19.418;187.373
767;15.09.2020;09:15:54.000;19.433;187.417
768;15.09.2020;09:15:55.000;19.470;187.434
769;15.09.2020;09:15:56.000;19.462;187.399
770;15.09.2020;09:15:57.000;19.547;187.376
771;15.09.2020;09:15:58.000;19.427;187.331
772;15.09.2020;09:15:59.000;19.444;187.355
773;15.09.2020;09:16:00.000;19.484;187.332
774;15.09.2020;09:16:01.000;19.283;187.313
775;15.09.2020;09:16:02.000;19.427;187.307
776;15.09.2020;09:16:03.000;19.358;187.328
777;15.09.2020;09:16:04.000;19.398;187.368
778;15.09.2020;09:16:05.000;19.364;187.389
779;15.09.2020;09:16:06.000;19.501;187.367
780;15.09.2020;09:16:07.000;19.384;187.374
781;15.09.2020;09:16:08.000;19.572;187.330
782;15.09.2020;09:16:09.000;19.350;187.334
783;15.09.2020;09:16:10.000;19.437;187.392
784;15.09.2020;09:16:11.000;19.462;187.345
785;15.09.2020;09:16:12.000;19.389;187.318
786;15.09.2020;09:16:13.000;19.385;187.360
787;15.09.2020;09:16:14.000;19.466;187.418
788;15.09.2020;09:16:15.000;19.424;187.462
789;15.09.2020;09:16:16.000;19.450;187.424
790;15.09.2020;09:16:17.000;19.202;187.388
791;15.09.2020;09:16:18.000;19.422;187.370
792;15.09.2020;09:16:19.000;19.360;187.411
793;15.09.2020;09:16:20.000;19.389;187.439
794;15.09.2020;09:16:21.000;19.491;187.431
795;15.09.2020;09:16:22.000;19.279;187.410
796;15.09.2020;09:16:23.000;19.176;187.412
797;15.09.2020;09:16:24.000;19.417;187.432
798;15.09.2020;09:16:25.000;19.334;187.467
799;15.09.2020;09:16:26.000;19.297;187.459
800;15.09.2020;09:16:27.000;19.366;187.406
801;15.09.2020;09:16:28.000;19.393;187.422
802;15.09.2020;09:16:29.000;19.285;187.451
803;15.09.2020;09:16:30.000;19.279;187.411
804;15.09.2020;09:16:31.000;19.283;187.410
805;15.09.2020;09:16:32.000;19.359;187.395
806;15.09.2020;09:16:33.000;19.285;187.421
807;15.09.2020;09:16:34.000;19.334;187.466
808;15.09.2020;09:16:35.000;19.403;187.430
809;15.09.2020;09:16:36.000;19.391;187.384
810;15.09.2020;09:16:37.000;19.517;187.355
811;15.09.2020;09:16:38.000;19.198;187.389
812;15.09.2020;09:16:39.000;19.254;187.350
813;15.09.2020;09:16:40.000;19.315;187.372
814;15.09.2020;09:16:41.000;19.114;187.370
815;15.09.2020;09:16:42.000;19.250;187.342
816;15.09.2020;09:16:43.000;19.336;187.337
817;15.09.2020;09:16:44.000;19.259;187.353
818;15.09.2020;09:16:45.000;19.318;187.315
819;15.09.2020;09:16:46.000;19.327;187.291
820;15.09.2020;09:16:47.000;19.088;187.301
821;15.09.2020;09:16:48.000;19.540;187.320
822;15.09.2020;09:16:49.000;19.174;187.335
823;15.09.2020;09:16:50.000;19.261;187.309
824;15.09.2020;09:16:51.000;19.267;187.311
825;15.09.2020;09:16:52.000;19.200;187.339
826;15.09.2020;09:16:53.000;19.291;187.355
827;15.09.2020;09:16:54.000;19.374;187.350
828;15.09.2020;09:16:55.000;19.098;187.375
829;15.09.2020;09:16:56.000;19.370;187.321
830;15.09.2020;09:16:57.000;19.248;187.310
831;15.09.2020;09:16:58.000;19.239;187.360
832;15.09.2020;09:16:59.000;19.164;187.309
833;15.09.2020;09:17:00.000;19.326;187.272
834;15.09.2020;09:17:01.000;19.260;187.262
835;15.09.2020;09:17:02.000;19.328;187.280
836;15.09.2020;09:17:03.000;19.354;187.320
837;15.09.2020;09:17:04.000;19.215;187.298
838;15.09.2020;09:17:05.000;19.288;187.296
839;15.09.2020;09:17:06.000;19.154;187.483
840;15.09.2020;09:17:07.000;19.226;187.557
841;15.09.2020;09:17:08.000;19.086;187.584
842;15.09.2020;09:17:09.000;19.193;187.548
843;15.09.2020;09:17:10.000;19.295;187.546
844;15.09.2020;09:17:11.000;19.131;187.508
845;15.09.2020;09:17:12.000;19.099;187.483
846;15.09.2020;09:17:13.000;19.255;187.505
847;15.09.2020;09:17:14.000;19.107;187.542
848;15.09.2020;09:17:15.000;19.043;187.502
849;15.09.2020;09:17:16.000;19.264;187.435
850;15.09.2020;09:17:17.000;19.132;187.479
851;15.09.2020;09:17:18.000;19.224;187.482
852;15.09.2020;09:17:19.000;18.950;187.480
853;15.09.2020;09:17:20.000;19.201;187.478
854;15.09.2020;09:17:21.000;19.042;187.466
855;15.09.2020;09:17:22.000;19.013;187.462
856;15.09.2020;09:17:23.000;19.203;187.457
857;15.09.2020;09:17:24.000;19.131;187.421
858;15.09.2020;09:17:25.000;19.066;187.483
859;15.09.2020;09:17:26.000;19.394;187.440
860;15.09.2020;09:17:27.000;18.991;187.439
861;15.09.2020;09:17:28.000;19.217;187.501
862;15.09.2020;09:17:29.000;19.297;187.421
863;15.09.2020;09:17:30.000;19.358;187.354
864;15.09.2020;09:17:31.000;19.171;187.361
865;15.09.2020;09:17:32.000;19.032;187.380
866;15.09.2020;09:17:33.000;19.012;187.427
867;15.09.2020;09:17:34.000;19.069;187.427
868;15.09.2020;09:17:35.000;19.273;187.082
869;15.09.2020;09:17:36.000;20.258;185.681
870;15.09.2020;09:17:37.000;19.279;186.284
871;15.09.2020;09:17:38.000;19.354;186.346
872;15.09.2020;09:17:39.000;19.442;186.386
873;15.09.2020;09:17:40.000;19.490;186.363
874;15.09.2020;09:17:41.000;19.491;186.308
875;15.09.2020;09:17:42.000;19.281;185.914
876;15.09.2020;09:17:43.000;19.134;185.741
877;15.09.2020;09:17:44.000;19.434;186.762
878;15.09.2020;09:17:45.000;19.187;187.336
879;15.09.2020;09:17:46.000;19.290;187.293
880;15.09.2020;09:17:47.000;19.054;187.290
881;15.09.2020;09:17:48.000;18.997;187.318
882;15.09.2020;09:17:49.000;18.890;187.318
883;15.09.2020;09:17:50.000;19.126;187.277
884;15.09.2020;09:17:51.000;18.937;187.233
885;15.09.2020;09:17:52.000;19.126;187.232
886;15.09.2020;09:17:53.000;19.055;187.277
887;15.09.2020;09:17:54.000;19.061;187.355
888;15.09.2020;09:17:55.000;19.150;187.353
889;15.09.2020;09:17:56.000;19.033;187.360
890;15.09.2020;09:17:57.000;19.193;187.358
891;15.09.2020;09:17:58.000;19.032;187.389
892;15.09.2020;09:17:59.000;19.051;187.396
893;15.09.2020;09:18:00.000;19.126;187.467
894;15.09.2020;09:18:01.000;19.059;187.449
895;15.09.2020;09:18:02.000;19.137;187.397
896;15.09.2020;09:18:03.000;19.194;187.359
897;15.09.2020;09:18:04.000;18.864;187.425
898;15.09.2020;09:18:05.000;19.071;187.392
899;15.09.2020;09:18:06.000;18.980;187.339
900;15.09.2020;09:18:07.000;19.183;187.309
901;15.09.2020;09:18:08.000;19.132;187.357
902;15.09.2020;09:18:09.000;19.070;187.403
903;15.09.2020;09:18:10.000;19.236;187.412
904;15.09.2020;09:18:11.000;19.155;187.382
905;15.09.2020;09:18:12.000;19.093;187.318
906;15.09.2020;09:18:13.000;19.224;187.356
907;15.09.2020;09:18:14.000;18.974;187.405
908;15.09.2020;09:18:15.000;19.119;187.375
909;15.09.2020;09:18:16.000;19.135;187.338
910;15.09.2020;09:18:17.000;19.060;187.295
911;15.09.2020;09:18:18.000;18.888;187.425
912;15.09.2020;09:18:19.000;19.138;187.413
913;15.09.2020;09:18:20.000;18.983;187.375
914;15.09.2020;09:18:21.000;19.078;187.341
915;15.09.2020;09:18:22.000;18.905;187.341
916;15.09.2020;09:18:23.000;18.860;187.414
917;15.09.2020;09:18:24.000;19.248;187.351
918;15.09.2020;09:18:25.000;18.969;187.320
919;15.09.2020;09:18:26.000;19.024;187.362
920;15.09.2020;09:18:27.000;19.108;187.288
921;15.09.2020;09:18:28.000;19.016;187.314
922;15.09.2020;09:18:29.000;19.056;187.295
923;15.09.2020;09:18:30.000;19.142;187.279
924;15.09.2020;09:18:31.000;19.037;187.238
925;15.09.2020;09:18:32.000;18.886;187.313
926;15.09.2020;09:18:33.000;19.152;187.385
927;15.09.2020;09:18:34.000;18.983;187.376
928;15.09.2020;09:18:35.000;18.778;187.372
929;15.09.2020;09:18:36.000;18.994;187.333
930;15.09.2020;09:18:37.000;18.990;187.369
931;15.09.2020;09:18:38.000;18.871;187.457
932;15.09.2020;09:18:39.000;18.856;187.458
933;15.09.2020;09:18:40.000;19.080;187.468
934;15.09.2020;09:18:41.000;19.011;187.435
935;15.09.2020;09:18:42.000;18.961;187.403
936;15.09.2020;09:18:43.000;18.850;187.433
937;15.09.2020;09:18:44.000;19.010;187.391
938;15.09.2020;09:18:45.000;18.863;187.377
939;15.09.2020;09:18:46.000;19.065;187.341
940;15.09.2020;09:18:47.000;18.923;187.332
941;15.09.2020;09:18:48.000;18.932;187.403
942;15.09.2020;09:18:49.000;18.957;187.401
943;15.09.2020;09:18:50.000;19.082;187.415
944;15.09.2020;09:18:51.000;19.003;187.382
945;15.09.2020;09:18:52.000;19.356;185.797
946;15.09.2020;09:18:53.000;18.944;184.294
947;15.09.2020;09:18:54.000;18.943;184.333
948;15.09.2020;09:18:55.000;19.020;184.360
949;15.09.2020;09:18:56.000;18.721;184.335
950;15.09.2020;09:18:57.000;18.944;184.248
951;15.09.2020;09:18:58.000;19.037;184.221
952;15.09.2020;09:18:59.000;18.953;184.182
953;15.09.2020;09:19:00.000;19.013;184.163
954;15.09.2020;09:19:01.000;19.034;184.075
955;15.09.2020;09:19:02.000;18.739;184.072
956;15.09.2020;09:19:03.000;18.887;184.089
957;15.09.2020;09:19:04.000;18.942;184.099
958;15.09.2020;09:19:05.000;18.908;184.068
959;15.09.2020;09:19:06.000;18.950;184.041
960;15.09.2020;09:19:07.000;18.981;184.019
961;15.09.2020;09:19:08.000;18.948;184.040
962;15.09.2020;09:19:09.000;18.977;184.070
963;15.09.2020;09:19:10.000;18.854;184.069
964;15.09.2020;09:19:11.000;18.927;184.068
965;15.09.2020;09:19:12.000;18.932;184.102
966;15.09.2020;09:19:13.000;18.958;184.139
967;15.09.2020;09:19:14.000;18.886;184.188
968;15.09.2020;09:19:15.000;19.033;184.180
969;15.09.2020;09:19:16.000;18.812;184.161
970;15.09.2020;09:19:17.000;18.954;184.158
971;15.09.2020;09:19:18.000;18.958;184.150
972;15.09.2020;09:19:19.000;18.860;184.207
973;15.09.2020;09:19:20.000;18.858;184.222
974;15.09.2020;09:19:21.000;19.068;184.195
975;15.09.2020;09:19:22.000;18.799;184.133
976;15.09.2020;09:19:23.000;18.915;184.140
977;15.09.2020;09:19:24.000;18.837;184.159
978;15.09.2020;09:19:25.000;18.988;184.131
979;15.09.2020;09:19:26.000;19.012;184.110
980;15.09.2020;09:19:27.000;18.752;184.109
981;15.09.2020;09:19:28.000;18.919;184.114
982;15.09.2020;09:19:29.000;18.921;184.137
983;15.09.2020;09:19:30.000;18.659;184.145
984;15.09.2020;09:19:31.000;18.900;184.085
985;15.09.2020;09:19:32.000;18.675;184.089
986;15.09.2020;09:19:33.000;18.926;184.117
987;15.09.2020;09:19:34.000;18.891;184.130
988;15.09.2020;09:19:35.000;18.824;184.096
989;15.09.2020;09:19:36.000;18.911;184.093
990;15.09.2020;09:19:37.000;18.868;184.063
991;15.09.2020;09:19:38.000;18.869;184.113
992;15.09.2020;09:19:39.000;19.027;184.133
993;15.09.2020;09:19:40.000;18.909;184.139
994;15.09.2020;09:19:41.000;18.884;184.172
995;15.09.2020;09:19:42.000;18.871;184.141
996;15.09.2020;09:19:43.000;18.737;184.230
997;15.09.2020;09:19:44.000;18.903;184.211
998;15.09.2020;09:19:45.000;18.834;184.200
999;15.09.2020;09:19:46.000;18.773;184.197
1000;15.09.2020;09:19:47.000;18.839;184.168
1001;15.09.2020;09:19:48.000;18.785;184.188
1002;15.09.2020;09:19:49.000;18.861;184.199
1003;15.09.2020;09:19:50.000;18.873;184.196
1004;15.09.2020;09:19:51.000;18.889;184.169
1005;15.09.2020;09:19:52.000;18.951;184.100
1006;15.09.2020;09:19:53.000;18.763;184.212
1007;15.09.2020;09:19:54.000;18.963;184.205
1008;15.09.2020;09:19:55.000;18.852;184.218
1009;15.09.2020;09:19:56.000;18.809;184.200
1010;15.09.2020;09:19:57.000;18.855;184.169
1011;15.09.2020;09:19:58.000;18.812;184.184
1012;15.09.2020;09:19:59.000;18.807;184.138
1013;15.09.2020;09:20:00.000;18.878;184.104
1014;15.09.2020;09:20:01.000;18.690;184.054
1015;15.09.2020;09:20:02.000;18.922;184.048
1016;15.09.2020;09:20:03.000;18.611;184.151
1017;15.09.2020;09:20:04.000;18.813;184.148
1018;15.09.2020;09:20:05.000;18.723;184.157
1019;15.09.2020;09:20:06.000;18.705;184.140
1020;15.09.2020;09:20:07.000;18.773;184.105
1021;15.09.2020;09:20:08.000;18.676;184.128
1022;15.09.2020;09:20:09.000;18.942;184.115
1023;15.09.2020;09:20:10.000;18.924;184.088
1024;15.09.2020;09:20:11.000;18.678;184.046
1025;15.09.2020;09:20:12.000;18.979;183.955
1026;15.09.2020;09:20:13.000;18.728;184.038
1027;15.09.2020;09:20:14.000;19.160;184.072
1028;15.09.2020;09:20:15.000;18.796;184.081
1029;15.09.2020;09:20:16.000;18.719;184.007
1030;15.09.2020;09:20:17.000;18.884;183.944
1031;15.09.2020;09:20:18.000;18.912;183.984
1032;15.09.2020;09:20:19.000;18.785;183.948
1033;15.09.2020;09:20:20.000;18.808;183.897
1034;15.09.2020;09:20:21.000;18.890;183.965
1035;15.09.2020;09:20:22.000;18.464;183.953
1036;15.09.2020;09:20:23.000;18.902;183.995
1037;15.09.2020;09:20:24.000;18.668;184.010
1038;15.09.2020;09:20:25.000;19.081;183.968
1039;15.09.2020;09:20:26.000;18.775;183.941
1040;15.09.2020;09:20:27.000;18.833;183.944
1041;15.09.2020;09:20:28.000;18.763;184.008
1042;15.09.2020;09:20:29.000;18.789;184.073
1043;15.09.2020;09:20:30.000;18.813;184.085
1044;15.09.2020;09:20:31.000;19.021;187.116
1045;15.09.2020;09:20:32.000;18.716;187.345
1046;15.09.2020;09:20:33.000;19.041;187.316
1047;15.09.2020;09:20:34.000;18.482;187.369
1048;15.09.2020;09:20:35.000;18.902;187.353
1049;15.09.2020;09:20:36.000;18.427;187.352
1050;15.09.2020;09:20:37.000;18.814;187.350
1051;15.09.2020;09:20:38.000;18.839;187.373
1052;15.09.2020;09:20:39.000;18.839;187.404
1053;15.09.2020;09:20:40.000;18.810;187.394
1054;15.09.2020;09:20:41.000;18.762;187.361
1055;15.09.2020;09:20:42.000;18.575;187.349
1056;15.09.2020;09:20:43.000;18.648;187.333
1057;15.09.2020;09:20:44.000;18.833;187.366
1058;15.09.2020;09:20:45.000;18.709;187.360
1059;15.09.2020;09:20:46.000;18.810;187.340
1060;15.09.2020;09:20:47.000;18.848;187.293
1061;15.09.2020;09:20:48.000;18.695;187.338
1062;15.09.2020;09:20:49.000;18.799;187.412
1063;15.09.2020;09:20:50.000;18.870;187.393
1064;15.09.2020;09:20:51.000;18.738;187.381
1065;15.09.2020;09:20:52.000;18.835;187.342
1066;15.09.2020;09:20:53.000;18.630;187.426
1067;15.09.2020;09:20:54.000;18.987;187.458
1068;15.09.2020;09:20:55.000;18.835;187.476
1069;15.09.2020;09:20:56.000;18.896;187.419
1070;15.09.2020;09:20:57.000;18.793;187.387
1071;15.09.2020;09:20:58.000;18.800;187.420
1072;15.09.2020;09:20:59.000;18.948;187.451
1073;15.09.2020;09:21:00.000;18.697;187.488
1074;15.09.2020;09:21:01.000;18.876;187.507
1075;15.09.2020;09:21:02.000;18.700;187.495
1076;15.09.2020;09:21:03.000;18.625;187.514
1077;15.09.2020;09:21:04.000;18.899;187.531
1078;15.09.2020;09:21:05.000;18.810;187.532
1079;15.09.2020;09:21:06.000;18.845;187.517
1080;15.09.2020;09:21:07.000;18.653;187.492
1081;15.09.2020;09:21:08.000;18.716;187.537
1082;15.09.2020;09:21:09.000;18.787;187.578
1083;15.09.2020;09:21:10.000;18.718;187.551
1084;15.09.2020;09:21:11.000;18.687;187.527
1085;15.09.2020;09:21:12.000;18.905;187.488
1086;15.09.2020;09:21:13.000;18.639;187.590
1087;15.09.2020;09:21:14.000;18.762;187.584
1088;15.09.2020;09:21:15.000;18.672;187.586
1089;15.09.2020;09:21:16.000;18.699;187.560
1090;15.09.2020;09:21:17.000;18.801;187.546
1091;15.09.2020;09:21:18.000;18.764;187.623
1092;15.09.2020;09:21:19.000;18.742;187.677
1093;15.09.2020;09:21:20.000;18.840;187.675
1094;15.09.2020;09:21:21.000;18.812;187.652
1095;15.09.2020;09:21:22.000;18.614;187.658
1096;15.09.2020;09:21:23.000;18.745;187.729
1097;15.09.2020;09:21:24.000;18.788;187.746
1098;15.09.2020;09:21:25.000;18.830;187.751
1099;15.09.2020;09:21:26.000;18.775;187.760
1100;15.09.2020;09:21:27.000;18.835;187.732
1101;15.09.2020;09:21:28.000;18.821;187.849
1102;15.09.2020;09:21:29.000;18.814;187.864
1103;15.09.2020;09:21:30.000;18.704;187.778
1104;15.09.2020;09:21:31.000;18.765;187.734
1105;15.09.2020;09:21:32.000;18.959;187.699
1106;15.09.2020;09:21:33.000;18.832;187.776
1107;15.09.2020;09:21:34.000;18.634;187.784
1108;15.09.2020;09:21:35.000;18.518;187.760
1109;15.09.2020;09:21:36.000;18.844;187.740
1110;15.09.2020;09:21:37.000;18.614;187.744
1111;15.09.2020;09:21:38.000;18.558;187.711
1112;15.09.2020;09:21:39.000;18.591;187.695
1113;15.09.2020;09:21:40.000;18.968;187.751
1114;15.09.2020;09:21:41.000;18.556;187.785
1115;15.09.2020;09:21:42.000;18.607;187.713
1116;15.09.2020;09:21:43.000;18.683;187.755
1117;15.09.2020;09:21:44.000;18.774;187.771
1118;15.09.2020;09:21:45.000;18.784;187.737
1119;15.09.2020;09:21:46.000;18.580;187.743
1120;15.09.2020;09:21:47.000;18.758;187.748
1121;15.09.2020;09:21:48.000;18.545;187.840
1122;15.09.2020;09:21:49.000;18.798;187.819
1123;15.09.2020;09:21:50.000;18.621;187.694
1124;15.09.2020;09:21:51.000;18.782;187.589
1125;15.09.2020;09:21:52.000;18.572;187.586
1126;15.09.2020;09:21:53.000;18.589;187.699
1127;15.09.2020;09:21:54.000;18.776;187.747
1128;15.09.2020;09:21:55.000;18.666;187.738
1129;15.09.2020;09:21:56.000;18.635;187.643
1130;15.09.2020;09:21:57.000;18.728;187.607
1131;15.09.2020;09:21:58.000;18.582;187.667
1132;15.09.2020;09:21:59.000;18.743;187.661
1133;15.09.2020;09:22:00.000;18.661;187.653
1134;15.09.2020;09:22:01.000;18.662;187.640
1135;15.09.2020;09:22:02.000;18.538;187.617
1136;15.09.2020;09:22:03.000;18.594;187.652
1137;15.09.2020;09:22:04.000;18.764;187.693
1138;15.09.2020;09:22:05.000;18.568;187.746
1139;15.09.2020;09:22:06.000;18.542;187.749
1140;15.09.2020;09:22:07.000;18.612;187.756
1141;15.09.2020;09:22:08.000;18.538;187.813
1142;15.09.2020;09:22:09.000;18.676;187.826
1143;15.09.2020;09:22:10.000;18.539;187.849
1144;15.09.2020;09:22:11.000;18.619;187.847
1145;15.09.2020;09:22:12.000;18.416;187.816
1146;15.09.2020;09:22:13.000;18.699;187.811
1147;15.09.2020;09:22:14.000;18.534;187.860
1148;15.09.2020;09:22:15.000;18.474;187.855
1149;15.09.2020;09:22:16.000;18.382;187.858
1150;15.09.2020;09:22:17.000;18.665;187.816
1151;15.09.2020;09:22:18.000;18.574;187.829
1152;15.09.2020;09:22:19.000;18.613;187.875
1153;15.09.2020;09:22:20.000;18.378;187.884
1154;15.09.2020;09:22:21.000;18.750;187.858
1155;15.09.2020;09:22:22.000;18.562;187.834
1156;15.09.2020;09:22:23.000;18.782;187.860
1157;15.09.2020;09:22:24.000;18.504;187.954
1158;15.09.2020;09:22:25.000;18.606;187.936
1159;15.09.2020;09:22:26.000;18.433;187.883
1160;15.09.2020;09:22:27.000;18.631;187.841
1161;15.09.2020;09:22:28.000;18.607;187.881
1162;15.09.2020;09:22:29.000;18.571;187.901
1163;15.09.2020;09:22:30.000;18.426;187.853
1164;15.09.2020;09:22:31.000;18.628;187.807
1165;15.09.2020;09:22:32.000;18.290;187.799
1166;15.09.2020;09:22:33.000;18.628;187.804
1167;15.09.2020;09:22:34.000;18.465;187.853
1168;15.09.2020;09:22:35.000;18.677;187.854
1169;15.09.2020;09:22:36.000;18.480;187.759
1170;15.09.2020;09:22:37.000;18.618;187.701
1171;15.09.2020;09:22:38.000;18.504;187.729
1172;15.09.2020;09:22:39.000;18.519;187.759
1173;15.09.2020;09:22:40.000;18.474;187.738
1174;15.09.2020;09:22:41.000;18.754;187.686
1175;15.09.2020;09:22:42.000;18.483;187.662
1176;15.09.2020;09:22:43.000;18.642;187.692
1177;15.09.2020;09:22:44.000;18.419;187.769
1178;15.09.2020;09:22:45.000;18.452;187.703
1179;15.09.2020;09:22:46.000;18.545;187.669
1180;15.09.2020;09:22:47.000;18.605;187.611
1181;15.09.2020;09:22:48.000;18.338;187.627
1182;15.09.2020;09:22:49.000;18.508;187.601
1183;15.09.2020;09:22:50.000;18.534;187.606
1184;15.09.2020;09:22:51.000;18.591;187.588
1185;15.09.2020;09:22:52.000;18.535;187.542
1186;15.09.2020;09:22:53.000;18.442;187.590
1187;15.09.2020;09:22:54.000;18.276;187.572
1188;15.09.2020;09:22:55.000;18.418;187.483
1189;15.09.2020;09:22:56.000;18.512;187.387
1190;15.09.2020;09:22:57.000;18.337;187.360
1191;15.09.2020;09:22:58.000;18.544;187.388
1192;15.09.2020;09:22:59.000;18.363;187.425
1193;15.09.2020;09:23:00.000;18.547;187.401
1194;15.09.2020;09:23:01.000;18.575;187.371
1195;15.09.2020;09:23:02.000;18.432;187.341
1196;15.09.2020;09:23:03.000;18.646;187.416
1197;15.09.2020;09:23:04.000;18.346;187.494
1198;15.09.2020;09:23:05.000;18.419;187.467
1199;15.09.2020;09:23:06.000;18.667;187.423
1200;15.09.2020;09:23:07.000;18.406;187.432
1201;15.09.2020;09:23:08.000;18.616;187.493
1202;15.09.2020;09:23:09.000;18.264;187.531
1203;15.09.2020;09:23:10.000;18.418;187.540
1204;15.09.2020;09:23:11.000;18.453;187.506
1205;15.09.2020;09:23:12.000;18.691;187.493
1206;15.09.2020;09:23:13.000;18.775;187.524
1207;15.09.2020;09:23:14.000;18.422;187.538
1208;15.09.2020;09:23:15.000;18.591;187.542
1209;15.09.2020;09:23:16.000;18.292;187.508
1210;15.09.2020;09:23:17.000;18.557;187.496
1211;15.09.2020;09:23:18.000;18.382;187.579
1212;15.09.2020;09:23:19.000;18.562;187.605
1213;15.09.2020;09:23:20.000;18.333;187.597
1214;15.09.2020;09:23:21.000;18.424;187.547
1215;15.09.2020;09:23:22.000;18.607;187.543
1216;15.09.2020;09:23:23.000;18.326;187.604
1217;15.09.2020;09:23:24.000;18.408;187.623
1218;15.09.2020;09:23:25.000;18.384;187.584
1219;15.09.2020;09:23:26.000;18.375;187.570
1220;15.09.2020;09:23:27.000;18.595;187.537
1221;15.09.2020;09:23:28.000;18.344;187.603
1222;15.09.2020;09:23:29.000;18.477;187.602
1223;15.09.2020;09:23:30.000;18.466;187.628
1224;15.09.2020;09:23:31.000;18.427;187.594
1225;15.09.2020;09:23:32.000;18.601;187.540
1226;15.09.2020;09:23:33.000;18.348;187.571
1227;15.09.2020;09:23:34.000;18.402;187.615
1228;15.09.2020;09:23:35.000;18.609;187.600
1229;15.09.2020;09:23:36.000;18.437;187.527
1230;15.09.2020;09:23:37.000;18.413;187.512
1231;15.09.2020;09:23:38.000;18.602;187.547
1232;15.09.2020;09:23:39.000;18.238;187.568
1233;15.09.2020;09:23:40.000;18.589;187.565
1234;15.09.2020;09:23:41.000;18.362;187.581
1235;15.09.2020;09:23:42.000;18.497;187.483
1236;15.09.2020;09:23:43.000;18.465;187.515
1237;15.09.2020;09:23:44.000;18.311;187.519
1238;15.09.2020;09:23:45.000;18.617;187.477
1239;15.09.2020;09:23:46.000;18.592;187.455
1240;15.09.2020;09:23:47.000;18.371;187.489
1241;15.09.2020;09:23:48.000;18.576;187.475
1242;15.09.2020;09:23:49.000;18.552;187.469
1243;15.09.2020;09:23:50.000;18.195;187.489
1244;15.09.2020;09:23:51.000;18.471;187.430
1245;15.09.2020;09:23:52.000;18.444;187.373
1246;15.09.2020;09:23:53.000;18.381;187.344
1247;15.09.2020;09:23:54.000;18.556;187.354
1248;15.09.2020;09:23:55.000;18.399;187.353
1249;15.09.2020;09:23:56.000;18.306;187.327
1250;15.09.2020;09:23:57.000;18.585;187.277
1251;15.09.2020;09:23:58.000;18.541;187.305
1252;15.09.2020;09:23:59.000;18.197;187.380
1253;15.09.2020;09:24:00.000;18.327;187.329
1254;15.09.2020;09:24:01.000;18.539;187.309
1255;15.09.2020;09:24:02.000;18.492;187.257
1256;15.09.2020;09:24:03.000;18.294;187.287
1257;15.09.2020;09:24:04.000;18.513;187.395
1258;15.09.2020;09:24:05.000;18.524;187.439
1259;15.09.2020;09:24:06.000;18.353;187.383
1260;15.09.2020;09:24:07.000;18.457;187.309
1261;15.09.2020;09:24:08.000;18.351;187.314
1262;15.09.2020;09:24:09.000;18.418;187.364
1263;15.09.2020;09:24:10.000;18.766;187.339
1264;15.09.2020;09:24:11.000;18.524;187.277
1265;15.09.2020;09:24:12.000;18.278;187.271
1266;15.09.2020;09:24:13.000;18.450;187.286
1267;15.09.2020;09:24:14.000;18.536;187.320
1268;15.09.2020;09:24:15.000;18.396;187.305
1269;15.09.2020;09:24:16.000;18.273;187.288
1270;15.09.2020;09:24:17.000;18.410;187.269
1271;15.09.2020;09:24:18.000;18.580;187.280
1272;15.09.2020;09:24:19.000;18.705;187.332
1273;15.09.2020;09:24:20.000;18.352;187.340
1274;15.09.2020;09:24:21.000;18.240;187.326
1275;15.09.2020;09:24:22.000;18.331;187.323
1276;15.09.2020;09:24:23.000;18.488;187.320
1277;15.09.2020;09:24:24.000;18.615;187.369
1278;15.09.2020;09:24:25.000;18.565;187.361
1279;15.09.2020;09:24:26.000;18.276;187.370
1280;15.09.2020;09:24:27.000;18.207;187.367
1281;15.09.2020;09:24:28.000;18.266;187.433
1282;15.09.2020;09:24:29.000;18.400;187.534
1283;15.09.2020;09:24:30.000;18.561;187.610
1284;15.09.2020;09:24:31.000;18.551;187.599
1285;15.09.2020;09:24:32.000;18.282;187.587
1286;15.09.2020;09:24:33.000;18.232;187.612
1287;15.09.2020;09:24:34.000;18.478;187.656
1288;15.09.2020;09:24:35.000;18.510;187.659
1289;15.09.2020;09:24:36.000;18.167;187.657
1290;15.09.2020;09:24:37.000;18.193;187.701
1291;15.09.2020;09:24:38.000;18.323;187.761
1292;15.09.2020;09:24:39.000;18.434;187.807
1293;15.09.2020;09:24:40.000;18.614;187.743
1294;15.09.2020;09:24:41.000;18.463;187.723
1295;15.09.2020;09:24:42.000;18.218;187.673
1296;15.09.2020;09:24:43.000;18.267;187.737
1297;15.09.2020;09:24:44.000;18.549;187.772
1298;15.09.2020;09:24:45.000;18.575;187.832
1299;15.09.2020;09:24:46.000;18.558;187.819
1300;15.09.2020;09:24:47.000;18.217;187.809
1301;15.09.2020;09:24:48.000;18.089;187.882
1302;15.09.2020;09:24:49.000;18.175;187.908
1303;15.09.2020;09:24:50.000;18.165;187.884
1304;15.09.2020;09:24:51.000;18.341;187.816
1305;15.09.2020;09:24:52.000;18.570;187.778
1306;15.09.2020;09:24:53.000;18.119;187.823
1307;15.09.2020;09:24:54.000;18.205;187.810
1308;15.09.2020;09:24:55.000;18.262;187.780
1309;15.09.2020;09:24:56.000;18.425;187.787
1310;15.09.2020;09:24:57.000;18.493;187.748
1311;15.09.2020;09:24:58.000;18.272;187.740
1312;15.09.2020;09:24:59.000;18.107;187.729
1313;15.09.2020;09:25:00.000;18.129;187.737
1314;15.09.2020;09:25:01.000;18.388;187.646
1315;15.09.2020;09:25:02.000;18.563;187.603
1316;15.09.2020;09:25:03.000;18.495;187.694
1317;15.09.2020;09:25:04.000;18.521;187.718
1318;15.09.2020;09:25:05.000;18.072;187.780
1319;15.09.2020;09:25:06.000;18.236;187.742
1320;15.09.2020;09:25:07.000;18.178;187.675
1321;15.09.2020;09:25:08.000;18.196;187.716
1322;15.09.2020;09:25:09.000;18.179;187.720
1323;15.09.2020;09:25:10.000;18.207;187.689
1324;15.09.2020;09:25:11.000;18.263;187.671
1325;15.09.2020;09:25:12.000;18.308;187.654
1326;15.09.2020;09:25:13.000;18.343;187.719
1327;15.09.2020;09:25:14.000;18.329;187.795
1328;15.09.2020;09:25:15.000;18.889;183.443
1329;15.09.2020;09:25:16.000;18.400;184.540
1330;15.09.2020;09:25:17.000;18.450;184.529
1331;15.09.2020;09:25:18.000;18.214;184.626
1332;15.09.2020;09:25:19.000;18.073;184.665
1333;15.09.2020;09:25:20.000;18.162;184.634
1334;15.09.2020;09:25:21.000;18.258;184.622
1335;15.09.2020;09:25:22.000;18.195;184.602
1336;15.09.2020;09:25:23.000;18.285;184.629
1337;15.09.2020;09:25:24.000;18.424;184.638
1338;15.09.2020;09:25:25.000;18.565;184.561
1339;15.09.2020;09:25:26.000;18.238;184.562
1340;15.09.2020;09:25:27.000;18.012;184.557
1341;15.09.2020;09:25:28.000;18.155;184.585
1342;15.09.2020;09:25:29.000;18.247;184.582
1343;15.09.2020;09:25:30.000;18.194;184.569
1344;15.09.2020;09:25:31.000;18.129;184.606
1345;15.09.2020;09:25:32.000;18.060;184.630
1346;15.09.2020;09:25:33.000;18.235;184.662
1347;15.09.2020;09:25:34.000;18.188;184.716
1348;15.09.2020;09:25:35.000;18.268;184.703
1349;15.09.2020;09:25:36.000;18.171;184.679
1350;15.09.2020;09:25:37.000;18.253;184.583
1351;15.09.2020;09:25:38.000;18.421;184.613
1352;15.09.2020;09:25:39.000;18.376;184.652
1353;15.09.2020;09:25:40.000;18.403;184.599
1354;15.09.2020;09:25:41.000;18.244;184.560
1355;15.09.2020;09:25:42.000;18.336;184.561
1356;15.09.2020;09:25:43.000;18.341;184.634
1357;15.09.2020;09:25:44.000;18.322;184.707
1358;15.09.2020;09:25:45.000;18.175;184.744
1359;15.09.2020;09:25:46.000;17.965;184.672
1360;15.09.2020;09:25:47.000;18.099;184.609
1361;15.09.2020;09:25:48.000;18.074;184.625
1362;15.09.2020;09:25:49.000;18.022;184.669
1363;15.09.2020;09:25:50.000;18.064;184.591
1364;15.09.2020;09:25:51.000;18.091;184.539
1365;15.09.2020;09:25:52.000;18.180;184.538
1366;15.09.2020;09:25:53.000;18.021;184.612
1367;15.09.2020;09:25:54.000;18.004;184.645
1368;15.09.2020;09:25:55.000;18.053;184.638
1369;15.09.2020;09:25:56.000;17.960;184.656
1370;15.09.2020;09:25:57.000;17.537;184.644
1371;15.09.2020;09:25:58.000;16.462;184.722
1372;15.09.2020;09:25:59.000;15.877;184.804
1373;15.09.2020;09:26:00.000;12.538;184.962
1374;15.09.2020;09:26:01.000;9.120;185.108
1375;15.09.2020;09:26:02.000;9.125;185.122
1376;15.09.2020;09:26:03.000;9.140;185.133
1377;15.09.2020;09:26:04.000;9.145;185.187
1378;15.09.2020;09:26:05.000;9.138;185.174
1379;15.09.2020;09:26:06.000;9.165;185.137
1380;15.09.2020;09:26:07.000;9.291;185.090
1381;15.09.2020;09:26:08.000;9.214;185.103
1382;15.09.2020;09:26:09.000;9.162;185.130
1383;15.09.2020;09:26:10.000;10.439;185.055
1384;15.09.2020;09:26:11.000;15.600;184.784
1385;15.09.2020;09:26:12.000;18.208;184.633
1386;15.09.2020;09:26:13.000;18.078;184.683
1387;15.09.2020;09:26:14.000;18.013;184.689
1388;15.09.2020;09:26:15.000;18.073;184.611
1389;15.09.2020;09:26:16.000;18.005;184.557
1390;15.09.2020;09:26:17.000;18.099;184.478
1391;15.09.2020;09:26:18.000;17.968;184.508
1392;15.09.2020;09:26:19.000;18.028;184.479
1393;15.09.2020;09:26:20.000;18.073;184.473
1394;15.09.2020;09:26:21.000;18.021;184.484
1395;15.09.2020;09:26:22.000;18.442;184.473
1396;15.09.2020;09:26:23.000;19.437;184.452
1397;15.09.2020;09:26:24.000;18.481;184.513
1398;15.09.2020;09:26:25.000;18.067;184.496
1399;15.09.2020;09:26:26.000;16.476;184.527
1400;15.09.2020;09:26:27.000;16.629;184.491
1401;15.09.2020;09:26:28.000;14.253;184.678
1402;15.09.2020;09:26:29.000;10.957;184.910
1403;15.09.2020;09:26:30.000;3.205;185.280
1404;15.09.2020;09:26:31.000;1.470;185.325
1405;15.09.2020;09:26:32.000;1.475;185.303
1406;15.09.2020;09:26:33.000;1.487;185.349
1407;15.09.2020;09:26:34.000;1.472;185.340
1408;15.09.2020;09:26:35.000;1.473;185.261
1409;15.09.2020;09:26:36.000;1.472;185.268
1410;15.09.2020;09:26:37.000;1.478;185.284
1411;15.09.2020;09:26:38.000;1.486;185.316
1412;15.09.2020;09:26:39.000;1.479;185.407
1413;15.09.2020;09:26:40.000;1.471;185.415
1414;15.09.2020;09:26:41.000;1.470;185.361
1415;15.09.2020;09:26:42.000;1.479;185.332
1416;15.09.2020;09:26:43.000;1.479;185.368
1417;15.09.2020;09:26:44.000;1.474;185.485
1418;15.09.2020;09:26:45.000;1.475;185.470
1419;15.09.2020;09:26:46.000;1.477;185.446
1420;15.09.2020;09:26:47.000;1.482;185.474
1421;15.09.2020;09:26:48.000;1.477;185.541
1422;15.09.2020;09:26:49.000;1.468;185.580
1423;15.09.2020;09:26:50.000;1.479;185.562
1424;15.09.2020;09:26:51.000;1.475;185.561
1425;15.09.2020;09:26:52.000;1.471;185.541
1426;15.09.2020;09:26:53.000;1.939;188.594
1427;15.09.2020;09:26:54.000;1.460;188.912
1428;15.09.2020;09:26:55.000;1.461;188.890
1429;15.09.2020;09:26:56.000;1.456;188.871
1430;15.09.2020;09:26:57.000;1.458;188.850
1431;15.09.2020;09:26:58.000;1.459;188.889
1432;15.09.2020;09:26:59.000;1.455;188.868
1433;15.09.2020;09:27:00.000;1.455;188.810
1434;15.09.2020;09:27:01.000;1.452;188.722
1435;15.09.2020;09:27:02.000;1.454;188.663
1436;15.09.2020;09:27:03.000;1.458;188.725
1437;15.09.2020;09:27:04.000;1.461;188.788
1438;15.09.2020;09:27:05.000;1.452;188.724
1439;15.09.2020;09:27:06.000;1.454;188.680
1440;15.09.2020;09:27:07.000;1.454;188.678
1441;15.09.2020;09:27:08.000;1.011;188.759
1442;15.09.2020;09:27:09.000;0.025;188.804
1443;15.09.2020;09:27:10.000;0.025;188.798
1444;15.09.2020;09:27:11.000;0.025;188.728
1445;15.09.2020;09:27:12.000;0.025;188.713
1446;15.09.2020;09:27:13.000;0.025;188.733
1447;15.09.2020;09:27:14.000;0.025;188.695
1448;15.09.2020;09:27:15.000;0.026;188.658
1449;15.09.2020;09:27:16.000;0.026;188.694
1450;15.09.2020;09:27:17.000;0.025;188.697
1451;15.09.2020;09:27:18.000;0.025;188.822
1452;15.09.2020;09:27:19.000;0.026;188.857
1453;15.09.2020;09:27:20.000;0.025;188.867
1454;15.09.2020;09:27:21.000;0.025;188.837
1455;15.09.2020;09:27:22.000;0.025;188.826
1456;15.09.2020;09:27:23.000;0.025;188.863
1457;15.09.2020;09:27:24.000;0.025;188.883
1458;15.09.2020;09:27:25.000;0.025;188.854
1459;15.09.2020;09:27:26.000;0.025;188.783
1460;15.09.2020;09:27:27.000;0.025;188.738
1461;15.09.2020;09:27:28.000;0.025;188.773
1462;15.09.2020;09:27:29.000;0.026;188.756
1463;15.09.2020;09:27:30.000;0.025;188.727
1464;15.09.2020;09:27:31.000;0.025;188.673
1465;15.09.2020;09:27:32.000;0.025;188.639
1466;15.09.2020;09:27:33.000;0.025;188.645
1467;15.09.2020;09:27:34.000;0.025;188.638
1468;15.09.2020;09:27:35.000;0.025;188.582
1469;15.09.2020;09:27:36.000;0.025;188.544
1470;15.09.2020;09:27:37.000;0.025;188.547
1471;15.09.2020;09:27:38.000;0.025;188.626
1472;15.09.2020;09:27:39.000;0.025;188.680
1473;15.09.2020;09:27:40.000;0.025;188.703
1474;15.09.2020;09:27:41.000;0.025;188.669
1475;15.09.2020;09:27:42.000;0.025;188.593
1476;15.09.2020;09:27:43.000;0.025;188.604
1477;15.09.2020;09:27:44.000;0.025;188.611
1478;15.09.2020;09:27:45.000;0.025;188.544
1479;15.09.2020;09:27:46.000;0.025;188.401
1480;15.09.2020;09:27:47.000;0.025;188.373
1481;15.09.2020;09:27:48.000;0.025;188.401
1482;15.09.2020;09:27:49.000;0.025;188.432
1483;15.09.2020;09:27:50.000;0.026;188.427
1484;15.09.2020;09:27:51.000;0.025;188.158
1485;15.09.2020;09:27:52.000;0.025;187.887
1486;15.09.2020;09:27:53.000;0.025;188.096
1487;15.09.2020;09:27:54.000;0.025;188.094
1488;15.09.2020;09:27:55.000;0.025;188.053
1489;15.09.2020;09:27:56.000;0.025;188.010
1490;15.09.2020;09:27:57.000;0.026;187.982
1491;15.09.2020;09:27:58.000;0.025;188.049
1492;15.09.2020;09:27:59.000;0.026;188.058
1493;15.09.2020;09:28:00.000;0.025;188.002
1494;15.09.2020;09:28:01.000;0.025;187.880
1495;15.09.2020;09:28:02.000;0.025;187.830
1496;15.09.2020;09:28:03.000;0.025;187.891
1497;15.09.2020;09:28:04.000;0.025;187.920
1498;15.09.2020;09:28:05.000;0.025;187.894
1499;15.09.2020;09:28:06.000;0.026;187.847
1500;15.09.2020;09:28:07.000;0.026;187.849
1501;15.09.2020;09:28:08.000;0.026;187.861
1502;15.09.2020;09:28:09.000;0.025;187.837
1503;15.09.2020;09:28:10.000;0.025;187.817
1504;15.09.2020;09:28:11.000;0.025;187.792
1505;15.09.2020;09:28:12.000;0.026;187.766
1506;15.09.2020;09:28:13.000;0.025;187.886
1507;15.09.2020;09:28:14.000;0.025;187.971
1508;15.09.2020;09:28:15.000;0.025;187.951
1509;15.09.2020;09:28:16.000;0.025;187.969
1510;15.09.2020;09:28:17.000;0.025;188.005
1511;15.09.2020;09:28:18.000;0.026;188.052
1512;15.09.2020;09:28:19.000;0.025;188.063
1513;15.09.2020;09:28:20.000;0.025;188.038
1514;15.09.2020;09:28:21.000;0.025;188.017
1515;15.09.2020;09:28:22.000;0.025;188.050
1516;15.09.2020;09:28:23.000;0.025;188.075
1517;15.09.2020;09:28:24.000;0.025;188.107
1518;15.09.2020;09:28:25.000;0.025;188.108
1519;15.09.2020;09:28:26.000;0.025;188.119
1520;15.09.2020;09:28:27.000;0.025;188.102
1521;15.09.2020;09:28:28.000;0.025;188.153
1522;15.09.2020;09:28:29.000;0.025;188.226
1523;15.09.2020;09:28:30.000;0.026;188.282
1524;15.09.2020;09:28:31.000;0.025;188.254
1525;15.09.2020;09:28:32.000;0.025;188.213
1526;15.09.2020;09:28:33.000;0.025;188.228
1527;15.09.2020;09:28:34.000;0.026;188.260
1528;15.09.2020;09:28:35.000;0.025;188.231
1529;15.09.2020;09:28:36.000;0.025;188.271
1530;15.09.2020;09:28:37.000;0.025;188.262
1531;15.09.2020;09:28:38.000;0.025;188.301
1532;15.09.2020;09:28:39.000;0.025;188.337
1533;15.09.2020;09:28:40.000;0.025;188.296
1534;15.09.2020;09:28:41.000;0.026;188.247
1535;15.09.2020;09:28:42.000;0.026;188.194
1536;15.09.2020;09:28:43.000;0.025;188.249
1537;15.09.2020;09:28:44.000;0.026;188.240
1538;15.09.2020;09:28:45.000;0.025;188.228
1539;15.09.2020;09:28:46.000;0.025;188.208
1540;15.09.2020;09:28:47.000;0.025;188.159
1541;15.09.2020;09:28:48.000;0.025;188.229
1542;15.09.2020;09:28:49.000;0.025;188.287
1543;15.09.2020;09:28:50.000;0.025;188.297
1544;15.09.2020;09:28:51.000;0.025;188.279
1545;15.09.2020;09:28:52.000;0.025;188.282
1546;15.09.2020;09:28:53.000;0.025;188.351
1547;15.09.2020;09:28:54.000;0.025;188.362
1548;15.09.2020;09:28:55.000;0.025;188.353
1549;15.09.2020;09:28:56.000;0.026;188.310
1550;15.09.2020;09:28:57.000;0.026;188.328
1551;15.09.2020;09:28:58.000;0.025;188.388
1552;15.09.2020;09:28:59.000;0.026;188.410
1553;15.09.2020;09:29:00.000;0.025;188.395
1554;15.09.2020;09:29:01.000;0.025;188.350
1555;15.09.2020;09:29:02.000;0.025;188.304
1556;15.09.2020;09:29:03.000;0.025;188.360
1557;15.09.2020;09:29:04.000;0.026;188.445
1558;15.09.2020;09:29:05.000;0.025;188.419
1559;15.09.2020;09:29:06.000;0.025;188.351
1560;15.09.2020;09:29:07.000;0.025;188.355
1561;15.09.2020;09:29:08.000;0.025;188.378
1562;15.09.2020;09:29:09.000;0.025;188.391
1563;15.09.2020;09:29:10.000;0.025;188.393
1564;15.09.2020;09:29:11.000;0.025;188.345
1565;15.09.2020;09:29:12.000;0.025;188.235
1566;15.09.2020;09:29:13.000;0.025;188.253
1567;15.09.2020;09:29:14.000;0.025;188.267
1568;15.09.2020;09:29:15.000;0.025;188.307
1569;15.09.2020;09:29:16.000;0.025;188.274
1570;15.09.2020;09:29:17.000;0.025;188.257
1571;15.09.2020;09:29:18.000;0.025;188.282
1572;15.09.2020;09:29:19.000;0.025;188.358
1573;15.09.2020;09:29:20.000;0.025;188.349
1574;15.09.2020;09:29:21.000;0.025;188.270
1575;15.09.2020;09:29:22.000;0.025;188.274
1576;15.09.2020;09:29:23.000;0.025;188.320
1577;15.09.2020;09:29:24.000;0.025;188.353
1578;15.09.2020;09:29:25.000;0.026;188.342
1579;15.09.2020;09:29:26.000;0.025;188.262
1580;15.09.2020;09:29:27.000;0.025;188.250
1581;15.09.2020;09:29:28.000;0.025;188.293
1582;15.09.2020;09:29:29.000;0.025;188.296
1583;15.09.2020;09:29:30.000;0.025;188.251
1584;15.09.2020;09:29:31.000;0.025;188.184
1585;15.09.2020;09:29:32.000;0.026;188.171
1586;15.09.2020;09:29:33.000;0.025;188.201
1587;15.09.2020;09:29:34.000;0.025;188.244
1588;15.09.2020;09:29:35.000;0.025;188.201
1589;15.09.2020;09:29:36.000;0.025;188.147
1590;15.09.2020;09:29:37.000;0.025;188.069
1591;15.09.2020;09:29:38.000;0.025;188.085
1592;15.09.2020;09:29:39.000;0.025;188.116
1593;15.09.2020;09:29:40.000;0.025;188.107
1594;15.09.2020;09:29:41.000;0.025;188.049
1595;15.09.2020;09:29:42.000;0.025;188.059
1596;15.09.2020;09:29:43.000;0.025;188.135
1597;15.09.2020;09:29:44.000;0.025;188.153
1598;15.09.2020;09:29:45.000;0.025;188.130
1599;15.09.2020;09:29:46.000;0.025;188.143
1600;15.09.2020;09:29:47.000;0.025;188.062
1601;15.09.2020;09:29:48.000;0.025;188.084
1602;15.09.2020;09:29:49.000;0.025;188.126
1603;15.09.2020;09:29:50.000;0.025;188.124
1604;15.09.2020;09:29:51.000;0.025;188.089
1605;15.09.2020;09:29:52.000;0.025;188.093
1606;15.09.2020;09:29:53.000;0.026;188.132
1607;15.09.2020;09:29:54.000;0.025;188.114
1608;15.09.2020;09:29:55.000;0.025;188.087
1609;15.09.2020;09:29:56.000;0.025;188.033
1610;15.09.2020;09:29:57.000;0.025;187.932
1611;15.09.2020;09:29:58.000;0.025;187.963
1612;15.09.2020;09:29:59.000;0.026;187.977
1613;15.09.2020;09:30:00.000;0.025;187.994
1614;15.09.2020;09:30:01.000;0.025;187.971
1615;15.09.2020;09:30:02.000;0.026;187.922
1616;15.09.2020;09:30:03.000;0.025;187.921
1617;15.09.2020;09:30:04.000;0.025;187.944
1618;15.09.2020;09:30:05.000;0.025;187.900
1619;15.09.2020;09:30:06.000;0.025;187.848
1620;15.09.2020;09:30:07.000;0.025;187.854
1621;15.09.2020;09:30:08.000;0.026;187.896
1622;15.09.2020;09:30:09.000;0.025;187.960
1623;15.09.2020;09:30:10.000;0.025;187.984
1624;15.09.2020;09:30:11.000;0.025;187.966
1625;15.09.2020;09:30:12.000;0.025;187.966
1626;15.09.2020;09:30:13.000;0.025;188.040
1627;15.09.2020;09:30:14.000;0.026;188.110
1628;15.09.2020;09:30:15.000;0.026;188.083
1629;15.09.2020;09:30:16.000;43.780;187.676
1630;15.09.2020;09:30:17.000;1.669;188.051
1631;15.09.2020;09:30:18.000;6.590;187.989
1632;15.09.2020;09:30:19.000;6.421;187.976
1633;15.09.2020;09:30:20.000;6.413;187.984
1634;15.09.2020;09:30:21.000;6.409;187.968
1635;15.09.2020;09:30:22.000;6.388;187.986
1636;15.09.2020;09:30:23.000;6.395;188.069
1637;15.09.2020;09:30:24.000;6.394;188.064
1638;15.09.2020;09:30:25.000;6.388;188.053
1639;15.09.2020;09:30:26.000;6.340;188.039
1640;15.09.2020;09:30:27.000;6.388;188.021
1641;15.09.2020;09:30:28.000;6.341;188.080
1642;15.09.2020;09:30:29.000;6.369;188.115
1643;15.09.2020;09:30:30.000;6.335;188.125
1644;15.09.2020;09:30:31.000;6.337;188.107
1645;15.09.2020;09:30:32.000;6.380;188.048
1646;15.09.2020;09:30:33.000;6.353;188.084
1647;15.09.2020;09:30:34.000;6.344;188.088
1648;15.09.2020;09:30:35.000;6.369;188.076
1649;15.09.2020;09:30:36.000;6.310;188.052
1650;15.09.2020;09:30:37.000;6.383;188.064
1651;15.09.2020;09:30:38.000;6.313;188.163
1652;15.09.2020;09:30:39.000;6.300;188.215
1653;15.09.2020;09:30:40.000;6.353;188.199
1654;15.09.2020;09:30:41.000;6.358;188.125
1655;15.09.2020;09:30:42.000;6.336;188.133
1656;15.09.2020;09:30:43.000;6.352;188.189
1657;15.09.2020;09:30:44.000;6.336;188.204
1658;15.09.2020;09:30:45.000;10.013;188.037
1659;15.09.2020;09:30:46.000;12.545;187.887
1660;15.09.2020;09:30:47.000;16.728;187.645
1661;15.09.2020;09:30:48.000;18.495;187.539
1662;15.09.2020;09:30:49.000;18.026;187.592
1663;15.09.2020;09:30:50.000;18.059;187.612
1664;15.09.2020;09:30:51.000;18.109;187.549
1665;15.09.2020;09:30:52.000;18.106;187.531
1666;15.09.2020;09:30:53.000;18.024;187.637
1667;15.09.2020;09:30:54.000;18.153;187.642
1668;15.09.2020;09:30:55.000;18.145;187.608
1669;15.09.2020;09:30:56.000;18.038;187.519
1670;15.09.2020;09:30:57.000;18.215;187.438
1671;15.09.2020;09:30:58.000;18.224;187.480
1672;15.09.2020;09:30:59.000;18.192;187.476
1673;15.09.2020;09:31:00.000;18.162;187.475
1674;15.09.2020;09:31:01.000;18.156;187.465
1675;15.09.2020;09:31:02.000;18.127;187.444
1676;15.09.2020;09:31:03.000;18.247;187.468
1677;15.09.2020;09:31:04.000;18.212;187.471
1678;15.09.2020;09:31:05.000;18.260;187.465
1679;15.09.2020;09:31:06.000;18.253;187.446
1680;15.09.2020;09:31:07.000;18.239;187.405
1681;15.09.2020;09:31:08.000;18.245;187.478
1682;15.09.2020;09:31:09.000;18.250;187.493
1683;15.09.2020;09:31:10.000;18.142;187.493
1684;15.09.2020;09:31:11.000;18.104;187.478
1685;15.09.2020;09:31:12.000;18.125;187.387
1686;15.09.2020;09:31:13.000;18.256;187.441
1687;15.09.2020;09:31:14.000;18.344;187.463
1688;15.09.2020;09:31:15.000;18.146;187.454
1689;15.09.2020;09:31:16.000;18.277;187.384
1690;15.09.2020;09:31:17.000;18.383;187.336
1691;15.09.2020;09:31:18.000;18.196;187.399
1692;15.09.2020;09:31:19.000;18.168;187.492
1693;15.09.2020;09:31:20.000;18.280;187.482
1694;15.09.2020;09:31:21.000;18.296;187.462
1695;15.09.2020;09:31:22.000;18.177;187.479
1696;15.09.2020;09:31:23.000;18.285;187.443
1697;15.09.2020;09:31:24.000;18.433;187.432
1698;15.09.2020;09:31:25.000;18.325;187.405
1699;15.09.2020;09:31:26.000;18.252;187.347
1700;15.09.2020;09:31:27.000;18.224;187.312
1701;15.09.2020;09:31:28.000;18.243;187.351
1702;15.09.2020;09:31:29.000;18.318;187.407
1703;15.09.2020;09:31:30.000;18.324;187.352
1704;15.09.2020;09:31:31.000;18.353;187.278
1705;15.09.2020;09:31:32.000;18.366;187.211
1706;15.09.2020;09:31:33.000;18.230;187.263
1707;15.09.2020;09:31:34.000;18.256;187.256
1708;15.09.2020;09:31:35.000;18.302;187.233
1709;15.09.2020;09:31:36.000;18.314;187.219
1710;15.09.2020;09:31:37.000;18.277;187.182
1711;15.09.2020;09:31:38.000;18.387;187.186
1712;15.09.2020;09:31:39.000;18.345;187.265
1713;15.09.2020;09:31:40.000;18.407;187.239
1714;15.09.2020;09:31:41.000;18.367;187.191
1715;15.09.2020;09:31:42.000;18.431;187.207
1716;15.09.2020;09:31:43.000;18.283;187.285
1717;15.09.2020;09:31:44.000;18.399;187.303
1718;15.09.2020;09:31:45.000;18.477;187.308
1719;15.09.2020;09:31:46.000;18.371;187.317
1720;15.09.2020;09:31:47.000;18.304;187.309
1721;15.09.2020;09:31:48.000;18.355;187.363
1722;15.09.2020;09:31:49.000;18.233;187.391
1723;15.09.2020;09:31:50.000;18.380;187.407
1724;15.09.2020;09:31:51.000;18.390;187.350
1725;15.09.2020;09:31:52.000;18.276;187.314
1726;15.09.2020;09:31:53.000;18.332;187.424
1727;15.09.2020;09:31:54.000;18.200;187.495
1728;15.09.2020;09:31:55.000;18.299;187.488
1729;15.09.2020;09:31:56.000;18.336;187.371
1730;15.09.2020;09:31:57.000;18.296;187.396
1731;15.09.2020;09:31:58.000;18.248;187.445
1732;15.09.2020;09:31:59.000;18.188;187.520
1733;15.09.2020;09:32:00.000;18.213;187.515
1734;15.09.2020;09:32:01.000;18.281;187.492
1735;15.09.2020;09:32:02.000;18.286;187.533
1736;15.09.2020;09:32:03.000;18.268;187.579
1737;15.09.2020;09:32:04.000;18.201;187.573
1738;15.09.2020;09:32:05.000;18.297;187.612
1739;15.09.2020;09:32:06.000;18.344;187.570
1740;15.09.2020;09:32:07.000;18.371;187.573
1741;15.09.2020;09:32:08.000;18.304;187.621
1742;15.09.2020;09:32:09.000;18.279;187.693
1743;15.09.2020;09:32:10.000;18.272;187.662
1744;15.09.2020;09:32:11.000;17.967;186.471
1745;15.09.2020;09:32:12.000;18.971;184.188
1746;15.09.2020;09:32:13.000;18.315;184.388
1747;15.09.2020;09:32:14.000;18.260;184.502
1748;15.09.2020;09:32:15.000;18.324;184.559
1749;15.09.2020;09:32:16.000;18.320;184.556
1750;15.09.2020;09:32:17.000;18.301;184.571
1751;15.09.2020;09:32:18.000;18.281;184.608
1752;15.09.2020;09:32:19.000;18.296;184.658
1753;15.09.2020;09:32:20.000;18.253;184.628
1754;15.09.2020;09:32:21.000;18.299;184.537
1755;15.09.2020;09:32:22.000;18.295;184.476
1756;15.09.2020;09:32:23.000;18.306;184.469
1757;15.09.2020;09:32:24.000;18.272;184.496
1758;15.09.2020;09:32:25.000;18.442;184.498
1759;15.09.2020;09:32:26.000;18.405;184.433
1760;15.09.2020;09:32:27.000;18.355;184.362
1761;15.09.2020;09:32:28.000;18.213;184.408
1762;15.09.2020;09:32:29.000;18.303;184.607
1763;15.09.2020;09:32:30.000;18.327;184.627
1764;15.09.2020;09:32:31.000;18.297;184.581
1765;15.09.2020;09:32:32.000;18.437;184.527
1766;15.09.2020;09:32:33.000;18.390;184.740
1767;15.09.2020;09:32:34.000;18.310;184.811
1768;15.09.2020;09:32:35.000;18.364;184.748
1769;15.09.2020;09:32:36.000;18.358;184.711
1770;15.09.2020;09:32:37.000;18.315;184.985
1771;15.09.2020;09:32:38.000;18.270;185.163
1772;15.09.2020;09:32:39.000;18.231;185.173
1773;15.09.2020;09:32:40.000;18.263;185.126
1774;15.09.2020;09:32:41.000;18.168;185.064
1775;15.09.2020;09:32:42.000;18.262;185.077
1776;15.09.2020;09:32:43.000;18.304;185.103
1777;15.09.2020;09:32:44.000;18.352;185.074
1778;15.09.2020;09:32:45.000;18.141;185.060
1779;15.09.2020;09:32:46.000;18.348;185.021
1780;15.09.2020;09:32:47.000;18.322;185.030
1781;15.09.2020;09:32:48.000;18.282;185.082
1782;15.09.2020;09:32:49.000;18.195;185.059
1783;15.09.2020;09:32:50.000;18.229;185.011
1784;15.09.2020;09:32:51.000;18.263;184.982
1785;15.09.2020;09:32:52.000;18.271;184.947
1786;15.09.2020;09:32:53.000;18.337;184.958
1787;15.09.2020;09:32:54.000;18.301;184.938
1788;15.09.2020;09:32:55.000;18.246;184.910
1789;15.09.2020;09:32:56.000;18.227;184.892
1790;15.09.2020;09:32:57.000;18.245;184.909
1791;15.09.2020;09:32:58.000;18.359;184.935
1792;15.09.2020;09:32:59.000;18.429;184.941
1793;15.09.2020;09:33:00.000;18.266;184.966
1794;15.09.2020;09:33:01.000;18.218;184.940
1795;15.09.2020;09:33:02.000;18.284;184.832
1796;15.09.2020;09:33:03.000;18.346;184.717
1797;15.09.2020;09:33:04.000;18.313;184.753
1798;15.09.2020;09:33:05.000;18.215;184.685
1799;15.09.2020;09:33:06.000;18.285;184.570
1800;15.09.2020;09:33:07.000;18.236;184.537
1801;15.09.2020;09:33:08.000;18.311;184.500
1802;15.09.2020;09:33:09.000;18.303;184.536
1803;15.09.2020;09:33:10.000;18.358;184.558
1804;15.09.2020;09:33:11.000;18.407;184.562
1805;15.09.2020;09:33:12.000;18.350;184.574
1806;15.09.2020;09:33:13.000;18.371;184.611
1807;15.09.2020;09:33:14.000;18.349;184.531
1808;15.09.2020;09:33:15.000;18.325;184.497
1809;15.09.2020;09:33:16.000;18.260;184.441
1810;15.09.2020;09:33:17.000;18.422;184.424
1811;15.09.2020;09:33:18.000;18.325;184.262
1812;15.09.2020;09:33:19.000;18.482;184.027
1813;15.09.2020;09:33:20.000;18.332;183.965
1814;15.09.2020;09:33:21.000;18.392;183.965
1815;15.09.2020;09:33:22.000;18.355;183.905
1816;15.09.2020;09:33:23.000;18.346;183.913
1817;15.09.2020;09:33:24.000;18.378;183.913
1818;15.09.2020;09:33:25.000;18.456;183.925
1819;15.09.2020;09:33:26.000;18.353;183.885
1820;15.09.2020;09:33:27.000;18.462;183.871
1821;15.09.2020;09:33:28.000;18.452;183.903
1822;15.09.2020;09:33:29.000;18.408;183.971
1823;15.09.2020;09:33:30.000;18.420;183.975
1824;15.09.2020;09:33:31.000;18.314;183.889
1825;15.09.2020;09:33:32.000;18.378;183.826
1826;15.09.2020;09:33:33.000;18.381;183.920
1827;15.09.2020;09:33:34.000;18.379;183.969
1828;15.09.2020;09:33:35.000;18.405;183.935
1829;15.09.2020;09:33:36.000;18.363;183.912
1830;15.09.2020;09:33:37.000;18.347;183.865
1831;15.09.2020;09:33:38.000;18.448;183.904
1832;15.09.2020;09:33:39.000;18.336;183.935
1833;15.09.2020;09:33:40.000;18.459;183.889
1834;15.09.2020;09:33:41.000;18.291;183.768
1835;15.09.2020;09:33:42.000;18.369;183.755
1836;15.09.2020;09:33:43.000;18.369;183.798
1837;15.09.2020;09:33:44.000;18.353;183.831
1838;15.09.2020;09:33:45.000;18.362;183.773
1839;15.09.2020;09:33:46.000;18.407;183.676
1840;15.09.2020;09:33:47.000;18.360;183.677
1841;15.09.2020;09:33:48.000;18.384;183.710
1842;15.09.2020;09:33:49.000;18.639;183.989
1843;15.09.2020;09:33:50.000;18.467;187.130
1844;15.09.2020;09:33:51.000;18.388;187.090
1845;15.09.2020;09:33:52.000;18.367;187.046
1846;15.09.2020;09:33:53.000;18.370;187.144
1847;15.09.2020;09:33:54.000;18.416;187.149
1848;15.09.2020;09:33:55.000;18.441;187.121
1849;15.09.2020;09:33:56.000;18.348;187.104
1850;15.09.2020;09:33:57.000;18.500;187.125
1851;15.09.2020;09:33:58.000;18.448;187.170
1852;15.09.2020;09:33:59.000;18.440;187.195
1853;15.09.2020;09:34:00.000;18.367;187.200
1854;15.09.2020;09:34:01.000;18.422;187.197
1855;15.09.2020;09:34:02.000;18.394;187.185
1856;15.09.2020;09:34:03.000;18.436;187.138
1857;15.09.2020;09:34:04.000;18.460;187.181
1858;15.09.2020;09:34:05.000;18.442;187.181
1859;15.09.2020;09:34:06.000;18.396;187.177
1860;15.09.2020;09:34:07.000;18.452;187.181
1861;15.09.2020;09:34:08.000;18.371;187.215
1862;15.09.2020;09:34:09.000;18.398;187.276
1863;15.09.2020;09:34:10.000;18.383;187.278
1864;15.09.2020;09:34:11.000;18.367;187.240
1865;15.09.2020;09:34:12.000;18.367;187.223
1866;15.09.2020;09:34:13.000;18.403;187.284
1867;15.09.2020;09:34:14.000;18.378;187.340
1868;15.09.2020;09:34:15.000;18.393;187.322
1869;15.09.2020;09:34:16.000;18.352;187.325
1870;15.09.2020;09:34:17.000;18.340;187.401
1871;15.09.2020;09:34:18.000;18.382;187.521
1872;15.09.2020;09:34:19.000;18.403;187.579
1873;15.09.2020;09:34:20.000;19.685;187.426
1874;15.09.2020;09:34:21.000;20.546;187.291
1875;15.09.2020;09:34:22.000;20.404;187.291
1876;15.09.2020;09:34:23.000;20.272;187.343
1877;15.09.2020;09:34:24.000;19.956;187.401
1878;15.09.2020;09:34:25.000;19.661;187.406
1879;15.09.2020;09:34:26.000;19.678;187.379
1880;15.09.2020;09:34:27.000;19.581;187.373
1881;15.09.2020;09:34:28.000;19.719;187.378
1882;15.09.2020;09:34:29.000;19.657;187.443
1883;15.09.2020;09:34:30.000;19.635;187.423
1884;15.09.2020;09:34:31.000;19.619;187.422
1885;15.09.2020;09:34:32.000;19.703;187.413
1886;15.09.2020;09:34:33.000;19.684;187.458
1887;15.09.2020;09:34:34.000;19.653;187.540
1888;15.09.2020;09:34:35.000;19.660;187.551
1889;15.09.2020;09:34:36.000;19.662;187.516
1890;15.09.2020;09:34:37.000;19.558;187.491
1891;15.09.2020;09:34:38.000;19.645;187.471
1892;15.09.2020;09:34:39.000;19.630;187.498
1893;15.09.2020;09:34:40.000;19.609;187.511
1894;15.09.2020;09:34:41.000;19.573;187.466
1895;15.09.2020;09:34:42.000;19.623;187.432
1896;15.09.2020;09:34:43.000;19.602;187.510
1897;15.09.2020;09:34:44.000;19.627;187.462
1898;15.09.2020;09:34:45.000;19.635;187.429
1899;15.09.2020;09:34:46.000;19.622;187.435
1900;15.09.2020;09:34:47.000;19.622;187.333
1901;15.09.2020;09:34:48.000;19.615;187.327
1902;15.09.2020;09:34:49.000;19.645;187.357
1903;15.09.2020;09:34:50.000;19.629;187.359
1904;15.09.2020;09:34:51.000;19.641;187.317
1905;15.09.2020;09:34:52.000;19.673;187.273
1906;15.09.2020;09:34:53.000;19.614;187.297
1907;15.09.2020;09:34:54.000;19.633;187.318
1908;15.09.2020;09:34:55.000;19.628;187.324
1909;15.09.2020;09:34:56.000;19.540;187.303
1910;15.09.2020;09:34:57.000;19.590;187.264
1911;15.09.2020;09:34:58.000;19.638;187.287
1912;15.09.2020;09:34:59.000;19.594;187.397
1913;15.09.2020;09:35:00.000;19.600;187.344
1914;15.09.2020;09:35:01.000;19.647;187.260
1915;15.09.2020;09:35:02.000;19.650;187.192
1916;15.09.2020;09:35:03.000;19.622;187.230
1917;15.09.2020;09:35:04.000;19.638;187.235
1918;15.09.2020;09:35:05.000;19.624;187.158
1919;15.09.2020;09:35:06.000;19.641;187.136
1920;15.09.2020;09:35:07.000;19.578;187.144
1921;15.09.2020;09:35:08.000;19.586;187.169
1922;15.09.2020;09:35:09.000;19.606;187.243
1923;15.09.2020;09:35:10.000;19.682;187.260
1924;15.09.2020;09:35:11.000;19.583;187.222
1925;15.09.2020;09:35:12.000;19.625;187.179
1926;15.09.2020;09:35:13.000;19.622;187.159
1927;15.09.2020;09:35:14.000;19.670;187.146
1928;15.09.2020;09:35:15.000;19.521;187.134
1929;15.09.2020;09:35:16.000;19.591;187.122
1930;15.09.2020;09:35:17.000;19.587;187.102
1931;15.09.2020;09:35:18.000;19.646;187.229
1932;15.09.2020;09:35:19.000;19.650;187.380
1933;15.09.2020;09:35:20.000;19.674;187.391
1934;15.09.2020;09:35:21.000;19.606;187.372
1935;15.09.2020;09:35:22.000;19.667;187.365
1936;15.09.2020;09:35:23.000;19.674;187.339
1937;15.09.2020;09:35:24.000;19.658;187.314
1938;15.09.2020;09:35:25.000;19.618;187.320
1939;15.09.2020;09:35:26.000;19.627;187.251
1940;15.09.2020;09:35:27.000;18.674;187.315
1941;15.09.2020;09:35:28.000;18.390;187.384
1942;15.09.2020;09:35:29.000;18.320;187.378
1943;15.09.2020;09:35:30.000;18.350;187.283
1944;15.09.2020;09:35:31.000;18.393;187.186
1945;15.09.2020;09:35:32.000;18.366;187.172
1946;15.09.2020;09:35:33.000;18.337;187.199
1947;15.09.2020;09:35:34.000;18.442;187.183
1948;15.09.2020;09:35:35.000;18.362;187.167
1949;15.09.2020;09:35:36.000;18.385;187.177
1950;15.09.2020;09:35:37.000;18.431;187.156
1951;15.09.2020;09:35:38.000;18.398;187.215
1952;15.09.2020;09:35:39.000;18.428;187.252
1953;15.09.2020;09:35:40.000;18.407;187.288
1954;15.09.2020;09:35:41.000;18.415;187.226
1955;15.09.2020;09:35:42.000;18.398;187.185
1956;15.09.2020;09:35:43.000;18.479;187.243
1957;15.09.2020;09:35:44.000;18.374;187.269
1958;15.09.2020;09:35:45.000;18.424;187.230
1959;15.09.2020;09:35:46.000;18.381;187.207
1960;15.09.2020;09:35:47.000;18.457;187.198
1961;15.09.2020;09:35:48.000;18.411;187.253
1962;15.09.2020;09:35:49.000;18.402;187.294
1963;15.09.2020;09:35:50.000;18.391;187.280
1964;15.09.2020;09:35:51.000;18.413;187.209
1965;15.09.2020;09:35:52.000;18.370;187.161
1966;15.09.2020;09:35:53.000;18.411;187.209
1967;15.09.2020;09:35:54.000;18.392;187.244
1968;15.09.2020;09:35:55.000;18.316;187.261
1969;15.09.2020;09:35:56.000;18.348;187.277
1970;15.09.2020;09:35:57.000;18.394;187.233
1971;15.09.2020;09:35:58.000;18.404;187.294
1972;15.09.2020;09:35:59.000;18.302;187.351
1973;15.09.2020;09:36:00.000;18.367;187.318
1974;15.09.2020;09:36:01.000;18.330;187.286
1975;15.09.2020;09:36:02.000;18.383;187.265
1976;15.09.2020;09:36:03.000;18.397;187.293
1977;15.09.2020;09:36:04.000;18.423;187.319
1978;15.09.2020;09:36:05.000;18.411;187.270
1979;15.09.2020;09:36:06.000;18.428;187.219
1980;15.09.2020;09:36:07.000;18.371;187.217
1981;15.09.2020;09:36:08.000;18.428;187.281
1982;15.09.2020;09:36:09.000;18.327;187.292
1983;15.09.2020;09:36:10.000;18.355;187.278
1984;15.09.2020;09:36:11.000;18.334;187.233
1985;15.09.2020;09:36:12.000;18.311;187.238
1986;15.09.2020;09:36:13.000;18.420;187.267
1987;15.09.2020;09:36:14.000;18.333;187.270
1988;15.09.2020;09:36:15.000;18.411;187.279
1989;15.09.2020;09:36:16.000;18.342;187.226
1990;15.09.2020;09:36:17.000;18.336;187.189
1991;15.09.2020;09:36:18.000;18.368;187.257
1992;15.09.2020;09:36:19.000;18.376;187.335
1993;15.09.2020;09:36:20.000;18.303;187.315
1994;15.09.2020;09:36:21.000;18.376;187.289
1995;15.09.2020;09:36:22.000;18.324;187.246
1996;15.09.2020;09:36:23.000;18.369;187.225
1997;15.09.2020;09:36:24.000;18.328;187.256
1998;15.09.2020;09:36:25.000;18.370;187.258
1999;15.09.2020;09:36:26.000;18.273;187.241
2000;15.09.2020;09:36:27.000;18.357;187.212
2001;15.09.2020;09:36:28.000;18.335;187.279
2002;15.09.2020;09:36:29.000;18.343;187.324
2003;15.09.2020;09:36:30.000;18.315;187.307
2004;15.09.2020;09:36:31.000;18.344;187.286
2005;15.09.2020;09:36:32.000;18.371;187.283
2006;15.09.2020;09:36:33.000;18.353;187.274
2007;15.09.2020;09:36:34.000;18.345;187.298
2008;15.09.2020;09:36:35.000;18.311;187.268
2009;15.09.2020;09:36:36.000;18.353;187.234
2010;15.09.2020;09:36:37.000;18.334;187.212
2011;15.09.2020;09:36:38.000;18.335;187.252
2012;15.09.2020;09:36:39.000;18.334;187.312
2013;15.09.2020;09:36:40.000;18.394;187.286
2014;15.09.2020;09:36:41.000;18.296;187.274
2015;15.09.2020;09:36:42.000;18.379;187.244
2016;15.09.2020;09:36:43.000;18.307;187.267
2017;15.09.2020;09:36:44.000;18.379;187.321
2018;15.09.2020;09:36:45.000;18.283;187.328
2019;15.09.2020;09:36:46.000;18.340;187.311
2020;15.09.2020;09:36:47.000;18.336;187.272
2021;15.09.2020;09:36:48.000;18.413;187.298
2022;15.09.2020;09:36:49.000;18.314;187.355
2023;15.09.2020;09:36:50.000;18.363;187.368
2024;15.09.2020;09:36:51.000;18.295;187.378
2025;15.09.2020;09:36:52.000;18.308;187.324
2026;15.09.2020;09:36:53.000;18.343;187.374
2027;15.09.2020;09:36:54.000;18.381;187.409
2028;15.09.2020;09:36:55.000;18.311;187.433
2029;15.09.2020;09:36:56.000;18.390;187.379
2030;15.09.2020;09:36:57.000;18.352;187.392
2031;15.09.2020;09:36:58.000;18.388;187.424
2032;15.09.2020;09:36:59.000;18.312;187.425
2033;15.09.2020;09:37:00.000;18.287;187.360
2034;15.09.2020;09:37:01.000;18.361;187.343
2035;15.09.2020;09:37:02.000;18.348;187.291
2036;15.09.2020;09:37:03.000;18.310;187.332
2037;15.09.2020;09:37:04.000;18.295;187.387
2038;15.09.2020;09:37:05.000;18.298;187.385
2039;15.09.2020;09:37:06.000;18.295;187.365
2040;15.09.2020;09:37:07.000;18.355;187.334
2041;15.09.2020;09:37:08.000;18.336;187.371
2042;15.09.2020;09:37:09.000;18.375;187.372
2043;15.09.2020;09:37:10.000;18.321;187.328
2044;15.09.2020;09:37:11.000;18.330;187.254
2045;15.09.2020;09:37:12.000;18.315;187.243
2046;15.09.2020;09:37:13.000;18.306;187.401
2047;15.09.2020;09:37:14.000;18.391;187.469
2048;15.09.2020;09:37:15.000;18.345;187.342
2049;15.09.2020;09:37:16.000;18.258;187.298
2050;15.09.2020;09:37:17.000;18.293;187.271
2051;15.09.2020;09:37:18.000;18.357;187.311
2052;15.09.2020;09:37:19.000;18.302;187.344
2053;15.09.2020;09:37:20.000;18.236;187.344
2054;15.09.2020;09:37:21.000;18.263;187.263
2055;15.09.2020;09:37:22.000;18.308;187.294
2056;15.09.2020;09:37:23.000;18.198;187.320
2057;15.09.2020;09:37:24.000;18.262;187.339
2058;15.09.2020;09:37:25.000;18.192;187.357
2059;15.09.2020;09:37:26.000;18.285;187.295
2060;15.09.2020;09:37:27.000;18.163;187.274
2061;15.09.2020;09:37:28.000;18.300;187.265
2062;15.09.2020;09:37:29.000;18.287;187.279
2063;15.09.2020;09:37:30.000;18.305;187.201
2064;15.09.2020;09:37:31.000;18.246;187.193
2065;15.09.2020;09:37:32.000;18.267;187.192
2066;15.09.2020;09:37:33.000;18.268;187.182
2067;15.09.2020;09:37:34.000;18.276;187.211
2068;15.09.2020;09:37:35.000;18.179;187.240
2069;15.09.2020;09:37:36.000;18.243;187.215
2070;15.09.2020;09:37:37.000;18.287;187.179
2071;15.09.2020;09:37:38.000;18.309;187.141
2072;15.09.2020;09:37:39.000;18.315;187.168
2073;15.09.2020;09:37:40.000;18.229;187.180
2074;15.09.2020;09:37:41.000;18.299;187.134
2075;15.09.2020;09:37:42.000;18.268;187.106
2076;15.09.2020;09:37:43.000;18.303;187.124
2077;15.09.2020;09:37:44.000;18.291;187.158
2078;15.09.2020;09:37:45.000;18.314;187.134
2079;15.09.2020;09:37:46.000;18.209;187.107
2080;15.09.2020;09:37:47.000;18.277;187.073
2081;15.09.2020;09:37:48.000;18.237;187.048
2082;15.09.2020;09:37:49.000;18.266;187.151
2083;15.09.2020;09:37:50.000;18.230;187.155
2084;15.09.2020;09:37:51.000;18.270;187.159
2085;15.09.2020;09:37:52.000;18.225;187.147
2086;15.09.2020;09:37:53.000;18.274;187.147
2087;15.09.2020;09:37:54.000;18.241;187.198
2088;15.09.2020;09:37:55.000;18.255;187.151
2089;15.09.2020;09:37:56.000;18.269;187.118
2090;15.09.2020;09:37:57.000;18.231;187.090
2091;15.09.2020;09:37:58.000;18.215;187.086
2092;15.09.2020;09:37:59.000;18.243;187.146
2093;15.09.2020;09:38:00.000;18.310;187.148
2094;15.09.2020;09:38:01.000;18.203;187.096
2095;15.09.2020;09:38:02.000;18.317;187.039
2096;15.09.2020;09:38:03.000;18.259;187.097
2097;15.09.2020;09:38:04.000;18.267;187.112
2098;15.09.2020;09:38:05.000;18.262;187.074
2099;15.09.2020;09:38:06.000;18.248;187.033
2100;15.09.2020;09:38:07.000;18.224;187.022
2101;15.09.2020;09:38:08.000;18.282;186.955
2102;15.09.2020;09:38:09.000;18.159;186.953
2103;15.09.2020;09:38:10.000;18.352;186.948
2104;15.09.2020;09:38:11.000;18.225;186.911
2105;15.09.2020;09:38:12.000;18.273;186.887
2106;15.09.2020;09:38:13.000;18.232;186.996
2107;15.09.2020;09:38:14.000;18.254;187.033
2108;15.09.2020;09:38:15.000;18.222;187.014
2109;15.09.2020;09:38:16.000;18.212;186.948
2110;15.09.2020;09:38:17.000;18.235;186.960
2111;15.09.2020;09:38:18.000;18.200;187.019
2112;15.09.2020;09:38:19.000;18.205;187.021
2113;15.09.2020;09:38:20.000;18.238;186.987
2114;15.09.2020;09:38:21.000;18.298;186.950
2115;15.09.2020;09:38:22.000;18.224;186.848
2116;15.09.2020;09:38:23.000;18.272;186.940
2117;15.09.2020;09:38:24.000;18.210;186.989
2118;15.09.2020;09:38:25.000;18.275;186.947
2119;15.09.2020;09:38:26.000;18.235;186.918
2120;15.09.2020;09:38:27.000;18.282;186.902
2121;15.09.2020;09:38:28.000;18.229;186.943
2122;15.09.2020;09:38:29.000;18.257;186.950
2123;15.09.2020;09:38:30.000;18.179;186.898
2124;15.09.2020;09:38:31.000;18.328;186.856
2125;15.09.2020;09:38:32.000;18.230;186.824
2126;15.09.2020;09:38:33.000;18.311;186.863
2127;15.09.2020;09:38:34.000;18.238;186.906
2128;15.09.2020;09:38:35.000;18.318;186.902
2129;15.09.2020;09:38:36.000;18.213;186.882
2130;15.09.2020;09:38:37.000;18.233;186.895
2131;15.09.2020;09:38:38.000;18.225;186.933
2132;15.09.2020;09:38:39.000;18.224;186.985
2133;15.09.2020;09:38:40.000;18.299;186.928
2134;15.09.2020;09:38:41.000;18.233;186.857
2135;15.09.2020;09:38:42.000;18.303;186.869
2136;15.09.2020;09:38:43.000;18.307;186.940
2137;15.09.2020;09:38:44.000;18.665;183.015
2138;15.09.2020;09:38:45.000;18.280;183.818
2139;15.09.2020;09:38:46.000;18.297;183.841
2140;15.09.2020;09:38:47.000;18.231;183.801
2141;15.09.2020;09:38:48.000;18.287;183.763
2142;15.09.2020;09:38:49.000;18.239;183.780
2143;15.09.2020;09:38:50.000;18.352;183.730
2144;15.09.2020;09:38:51.000;18.250;183.699
2145;15.09.2020;09:38:52.000;18.265;183.692
2146;15.09.2020;09:38:53.000;18.268;183.716
2147;15.09.2020;09:38:54.000;18.318;183.754
2148;15.09.2020;09:38:55.000;18.236;183.722
2149;15.09.2020;09:38:56.000;18.195;183.663
2150;15.09.2020;09:38:57.000;18.268;183.663
2151;15.09.2020;09:38:58.000;18.224;183.703
2152;15.09.2020;09:38:59.000;18.250;183.753
2153;15.09.2020;09:39:00.000;18.282;183.747
2154;15.09.2020;09:39:01.000;18.274;183.748
2155;15.09.2020;09:39:02.000;18.173;183.743
2156;15.09.2020;09:39:03.000;18.266;183.772
2157;15.09.2020;09:39:04.000;18.246;183.826
2158;15.09.2020;09:39:05.000;18.260;183.802
2159;15.09.2020;09:39:06.000;18.240;183.807
2160;15.09.2020;09:39:07.000;18.246;183.785
2161;15.09.2020;09:39:08.000;18.196;183.771
2162;15.09.2020;09:39:09.000;18.244;183.827
2163;15.09.2020;09:39:10.000;18.242;183.801
2164;15.09.2020;09:39:11.000;18.231;183.842
2165;15.09.2020;09:39:12.000;18.237;183.865
2166;15.09.2020;09:39:13.000;18.259;183.971
2167;15.09.2020;09:39:14.000;18.234;184.031
2168;15.09.2020;09:39:15.000;18.133;184.038
2169;15.09.2020;09:39:16.000;18.159;184.001
2170;15.09.2020;09:39:17.000;18.197;183.986
2171;15.09.2020;09:39:18.000;18.218;184.009
2172;15.09.2020;09:39:19.000;18.186;184.023
2173;15.09.2020;09:39:20.000;18.193;183.973
2174;15.09.2020;09:39:21.000;18.184;183.976
2175;15.09.2020;09:39:22.000;18.291;183.951
2176;15.09.2020;09:39:23.000;18.223;184.011
2177;15.09.2020;09:39:24.000;18.313;184.040
2178;15.09.2020;09:39:25.000;18.161;184.030
2179;15.09.2020;09:39:26.000;18.222;183.993
2180;15.09.2020;09:39:27.000;18.175;184.022
2181;15.09.2020;09:39:28.000;18.200;184.045
2182;15.09.2020;09:39:29.000;18.228;184.049
2183;15.09.2020;09:39:30.000;18.206;184.049
2184;15.09.2020;09:39:31.000;18.106;184.119
2185;15.09.2020;09:39:32.000;18.249;184.111
2186;15.09.2020;09:39:33.000;18.242;184.154
2187;15.09.2020;09:39:34.000;18.174;184.186
2188;15.09.2020;09:39:35.000;18.252;184.165
2189;15.09.2020;09:39:36.000;18.176;184.070
2190;15.09.2020;09:39:37.000;18.176;184.040
2191;15.09.2020;09:39:38.000;18.194;184.100
2192;15.09.2020;09:39:39.000;18.218;184.222
2193;15.09.2020;09:39:40.000;18.152;184.256
2194;15.09.2020;09:39:41.000;18.210;184.295
2195;15.09.2020;09:39:42.000;18.184;184.309
2196;15.09.2020;09:39:43.000;18.181;184.392
2197;15.09.2020;09:39:44.000;18.097;184.437
2198;15.09.2020;09:39:45.000;18.151;184.412
2199;15.09.2020;09:39:46.000;18.127;184.408
2200;15.09.2020;09:39:47.000;18.121;184.379
2201;15.09.2020;09:39:48.000;18.132;184.480
2202;15.09.2020;09:39:49.000;18.218;184.484
2203;15.09.2020;09:39:50.000;18.100;184.467
2204;15.09.2020;09:39:51.000;18.110;184.463
2205;15.09.2020;09:39:52.000;18.088;184.403
2206;15.09.2020;09:39:53.000;19.871;184.175
2207;15.09.2020;09:39:54.000;20.210;184.108
2208;15.09.2020;09:39:55.000;20.170;184.131
2209;15.09.2020;09:39:56.000;19.967;184.129
2210;15.09.2020;09:39:57.000;19.604;184.155
2211;15.09.2020;09:39:58.000;19.506;184.277
2212;15.09.2020;09:39:59.000;19.354;184.341
2213;15.09.2020;09:40:00.000;19.417;184.327
2214;15.09.2020;09:40:01.000;19.329;184.282
2215;15.09.2020;09:40:02.000;19.371;184.270
2216;15.09.2020;09:40:03.000;19.363;184.280
2217;15.09.2020;09:40:04.000;19.366;184.288
2218;15.09.2020;09:40:05.000;19.325;184.280
2219;15.09.2020;09:40:06.000;19.344;184.264
2220;15.09.2020;09:40:07.000;19.365;184.223
2221;15.09.2020;09:40:08.000;19.350;184.232
2222;15.09.2020;09:40:09.000;19.352;184.212
2223;15.09.2020;09:40:10.000;19.376;184.201
2224;15.09.2020;09:40:11.000;19.343;184.178
2225;15.09.2020;09:40:12.000;19.380;184.186
2226;15.09.2020;09:40:13.000;19.412;184.264
2227;15.09.2020;09:40:14.000;19.361;184.276
2228;15.09.2020;09:40:15.000;19.398;184.249
2229;15.09.2020;09:40:16.000;19.389;184.218
2230;15.09.2020;09:40:17.000;19.407;184.221
2231;15.09.2020;09:40:18.000;19.388;184.258
2232;15.09.2020;09:40:19.000;19.430;184.225
2233;15.09.2020;09:40:20.000;19.328;184.194
2234;15.09.2020;09:40:21.000;19.418;184.119
2235;15.09.2020;09:40:22.000;19.665;187.167
2236;15.09.2020;09:40:23.000;19.485;187.381
2237;15.09.2020;09:40:24.000;19.482;187.373
2238;15.09.2020;09:40:25.000;19.503;187.344
2239;15.09.2020;09:40:26.000;19.511;187.294
2240;15.09.2020;09:40:27.000;19.489;187.260
2241;15.09.2020;09:40:28.000;19.515;187.278
2242;15.09.2020;09:40:29.000;20.268;187.221
2243;15.09.2020;09:40:30.000;20.527;187.167
2244;15.09.2020;09:40:31.000;19.674;187.140
2245;15.09.2020;09:40:32.000;19.535;187.035
2246;15.09.2020;09:40:33.000;19.555;186.992
2247;15.09.2020;09:40:34.000;19.511;187.025
2248;15.09.2020;09:40:35.000;19.580;186.890
2249;15.09.2020;09:40:36.000;20.758;186.638
2250;15.09.2020;09:40:37.000;20.154;186.596
2251;15.09.2020;09:40:38.000;20.096;186.558
2252;15.09.2020;09:40:39.000;19.966;186.628
2253;15.09.2020;09:40:40.000;19.908;186.638
2254;15.09.2020;09:40:41.000;20.006;186.615
2255;15.09.2020;09:40:42.000;20.003;186.589
2256;15.09.2020;09:40:43.000;20.005;186.609
2257;15.09.2020;09:40:44.000;19.950;186.624
2258;15.09.2020;09:40:45.000;20.000;186.616
2259;15.09.2020;09:40:46.000;20.017;186.546
2260;15.09.2020;09:40:47.000;20.023;186.484
2261;15.09.2020;09:40:48.000;19.902;186.487
2262;15.09.2020;09:40:49.000;20.021;186.461
2263;15.09.2020;09:40:50.000;19.992;186.423
2264;15.09.2020;09:40:51.000;19.978;186.436
2265;15.09.2020;09:40:52.000;19.988;186.453
2266;15.09.2020;09:40:53.000;19.826;186.478
2267;15.09.2020;09:40:54.000;19.952;186.506
2268;15.09.2020;09:40:55.000;19.942;186.490
2269;15.09.2020;09:40:56.000;19.879;186.411
2270;15.09.2020;09:40:57.000;19.920;186.402
2271;15.09.2020;09:40:58.000;19.929;186.430
2272;15.09.2020;09:40:59.000;19.944;186.486
2273;15.09.2020;09:41:00.000;19.225;186.527
2274;15.09.2020;09:41:01.000;18.578;186.670
2275;15.09.2020;09:41:02.000;18.742;186.644
2276;15.09.2020;09:41:03.000;18.674;186.694
2277;15.09.2020;09:41:04.000;18.721;186.720
2278;15.09.2020;09:41:05.000;18.677;186.671
2279;15.09.2020;09:41:06.000;18.625;186.681
2280;15.09.2020;09:41:07.000;18.697;186.693
2281;15.09.2020;09:41:08.000;18.676;186.739
2282;15.09.2020;09:41:09.000;18.653;186.790
2283;15.09.2020;09:41:10.000;18.777;186.828
2284;15.09.2020;09:41:11.000;18.616;186.854
2285;15.09.2020;09:41:12.000;18.649;186.832
2286;15.09.2020;09:41:13.000;18.654;186.836
2287;15.09.2020;09:41:14.000;18.597;186.896
2288;15.09.2020;09:41:15.000;18.692;186.938
2289;15.09.2020;09:41:16.000;18.530;186.950
2290;15.09.2020;09:41:17.000;18.615;186.910
2291;15.09.2020;09:41:18.000;18.620;186.923
2292;15.09.2020;09:41:19.000;18.754;186.910
2293;15.09.2020;09:41:20.000;18.618;186.943
2294;15.09.2020;09:41:21.000;18.676;186.974
2295;15.09.2020;09:41:22.000;18.592;186.988
2296;15.09.2020;09:41:23.000;18.632;187.047
2297;15.09.2020;09:41:24.000;18.627;187.141
2298;15.09.2020;09:41:25.000;18.627;187.110
2299;15.09.2020;09:41:26.000;18.658;187.103
2300;15.09.2020;09:41:27.000;18.682;187.168
2301;15.09.2020;09:41:28.000;18.657;187.248
2302;15.09.2020;09:41:29.000;18.543;187.204
2303;15.09.2020;09:41:30.000;18.597;187.214
2304;15.09.2020;09:41:31.000;18.699;187.272
2305;15.09.2020;09:41:32.000;18.627;187.253
2306;15.09.2020;09:41:33.000;18.571;187.279
2307;15.09.2020;09:41:34.000;18.535;187.309
2308;15.09.2020;09:41:35.000;18.551;187.334
2309;15.09.2020;09:41:36.000;18.615;187.197
2310;15.09.2020;09:41:37.000;18.600;187.135
2311;15.09.2020;09:41:38.000;18.556;187.164
2312;15.09.2020;09:41:39.000;18.565;187.242
2313;15.09.2020;09:41:40.000;18.503;187.272
2314;15.09.2020;09:41:41.000;18.520;187.281
2315;15.09.2020;09:41:42.000;18.575;187.245
2316;15.09.2020;09:41:43.000;18.477;187.353
2317;15.09.2020;09:41:44.000;18.529;187.341
2318;15.09.2020;09:41:45.000;18.499;187.296
2319;15.09.2020;09:41:46.000;18.471;187.219
2320;15.09.2020;09:41:47.000;18.566;187.219
2321;15.09.2020;09:41:48.000;18.535;187.266
2322;15.09.2020;09:41:49.000;18.481;187.262
2323;15.09.2020;09:41:50.000;18.540;187.277
2324;15.09.2020;09:41:51.000;18.559;187.274
2325;15.09.2020;09:41:52.000;18.481;187.273
2326;15.09.2020;09:41:53.000;18.558;187.309
2327;15.09.2020;09:41:54.000;18.505;187.292
2328;15.09.2020;09:41:55.000;18.532;187.307
2329;15.09.2020;09:41:56.000;18.493;187.304
2330;15.09.2020;09:41:57.000;18.573;187.282
2331;15.09.2020;09:41:58.000;18.627;187.387
2332;15.09.2020;09:41:59.000;18.504;187.434
2333;15.09.2020;09:42:00.000;18.446;187.405
2334;15.09.2020;09:42:01.000;18.521;187.350
2335;15.09.2020;09:42:02.000;18.488;187.291
2336;15.09.2020;09:42:03.000;18.582;187.337
2337;15.09.2020;09:42:04.000;18.543;187.375
2338;15.09.2020;09:42:05.000;18.536;187.300
2339;15.09.2020;09:42:06.000;18.533;187.226
2340;15.09.2020;09:42:07.000;18.542;187.238
2341;15.09.2020;09:42:08.000;18.590;187.215
2342;15.09.2020;09:42:09.000;18.587;187.213
2343;15.09.2020;09:42:10.000;18.543;187.201
2344;15.09.2020;09:42:11.000;18.536;187.206
2345;15.09.2020;09:42:12.000;18.461;187.186
2346;15.09.2020;09:42:13.000;18.509;187.201
2347;15.09.2020;09:42:14.000;18.487;187.214
2348;15.09.2020;09:42:15.000;18.609;187.136
2349;15.09.2020;09:42:16.000;18.520;187.090
2350;15.09.2020;09:42:17.000;18.494;187.071
2351;15.09.2020;09:42:18.000;18.554;187.119
2352;15.09.2020;09:42:19.000;18.561;187.199
2353;15.09.2020;09:42:20.000;18.566;187.227
2354;15.09.2020;09:42:21.000;18.620;187.204
2355;15.09.2020;09:42:22.000;18.563;187.216
2356;15.09.2020;09:42:23.000;18.556;187.208
2357;15.09.2020;09:42:24.000;18.585;187.175
2358;15.09.2020;09:42:25.000;18.600;187.180
2359;15.09.2020;09:42:26.000;18.619;186.910
2360;15.09.2020;09:42:27.000;18.569;187.066
2361;15.09.2020;09:42:28.000;18.605;187.083
2362;15.09.2020;09:42:29.000;18.847;187.071
2363;15.09.2020;09:42:30.000;18.669;187.079
2364;15.09.2020;09:42:31.000;18.657;187.109
2365;15.09.2020;09:42:32.000;18.633;187.047
2366;15.09.2020;09:42:33.000;18.593;187.067
2367;15.09.2020;09:42:34.000;18.659;187.067
2368;15.09.2020;09:42:35.000;18.576;187.069
2369;15.09.2020;09:42:36.000;18.537;187.014
2370;15.09.2020;09:42:37.000;18.454;187.046
2371;15.09.2020;09:42:38.000;18.546;187.066
2372;15.09.2020;09:42:39.000;18.465;187.072
2373;15.09.2020;09:42:40.000;18.498;187.069
2374;15.09.2020;09:42:41.000;18.557;187.026
2375;15.09.2020;09:42:42.000;18.542;186.929
2376;15.09.2020;09:42:43.000;18.643;187.014
2377;15.09.2020;09:42:44.000;18.594;187.064
2378;15.09.2020;09:42:45.000;18.588;187.068
2379;15.09.2020;09:42:46.000;18.672;187.058
2380;15.09.2020;09:42:47.000;18.578;187.034
2381;15.09.2020;09:42:48.000;18.652;187.057
2382;15.09.2020;09:42:49.000;18.623;187.104
2383;15.09.2020;09:42:50.000;18.683;187.034
2384;15.09.2020;09:42:51.000;18.568;186.982
2385;15.09.2020;09:42:52.000;18.662;186.980
2386;15.09.2020;09:42:53.000;18.616;187.022
2387;15.09.2020;09:42:54.000;18.634;186.998
2388;15.09.2020;09:42:55.000;18.778;187.010
2389;15.09.2020;09:42:56.000;18.950;186.897
2390;15.09.2020;09:42:57.000;18.646;186.820
2391;15.09.2020;09:42:58.000;18.445;186.923
2392;15.09.2020;09:42:59.000;18.611;186.928
2393;15.09.2020;09:43:00.000;18.649;186.922
2394;15.09.2020;09:43:01.000;18.349;186.924
2395;15.09.2020;09:43:02.000;17.775;186.929
2396;15.09.2020;09:43:03.000;18.189;186.933
2397;15.09.2020;09:43:04.000;18.328;186.928
2398;15.09.2020;09:43:05.000;18.388;186.936
2399;15.09.2020;09:43:06.000;18.490;186.892
2400;15.09.2020;09:43:07.000;18.398;186.866
2401;15.09.2020;09:43:08.000;18.485;186.917
2402;15.09.2020;09:43:09.000;18.534;186.907
2403;15.09.2020;09:43:10.000;18.428;186.872
2404;15.09.2020;09:43:11.000;18.589;186.842
2405;15.09.2020;09:43:12.000;18.614;186.833
2406;15.09.2020;09:43:13.000;18.547;186.926
2407;15.09.2020;09:43:14.000;18.528;186.878
2408;15.09.2020;09:43:15.000;18.547;186.862
2409;15.09.2020;09:43:16.000;18.591;186.822
2410;15.09.2020;09:43:17.000;18.515;186.815
2411;15.09.2020;09:43:18.000;18.526;186.843
2412;15.09.2020;09:43:19.000;18.621;186.850
2413;15.09.2020;09:43:20.000;18.510;186.821
2414;15.09.2020;09:43:21.000;18.529;186.771
2415;15.09.2020;09:43:22.000;18.499;186.772
2416;15.09.2020;09:43:23.000;18.513;186.853
2417;15.09.2020;09:43:24.000;18.583;186.848
2418;15.09.2020;09:43:25.000;18.446;186.838
2419;15.09.2020;09:43:26.000;18.465;186.798
2420;15.09.2020;09:43:27.000;18.544;186.828
2421;15.09.2020;09:43:28.000;18.484;186.883
2422;15.09.2020;09:43:29.000;18.545;186.851
2423;15.09.2020;09:43:30.000;18.557;186.775
2424;15.09.2020;09:43:31.000;18.550;186.706
2425;15.09.2020;09:43:32.000;18.485;186.671
2426;15.09.2020;09:43:33.000;18.535;186.710
2427;15.09.2020;09:43:34.000;18.517;186.713
2428;15.09.2020;09:43:35.000;18.613;186.702
2429;15.09.2020;09:43:36.000;18.606;186.686
2430;15.09.2020;09:43:37.000;18.552;186.706
2431;15.09.2020;09:43:38.000;18.548;186.816
2432;15.09.2020;09:43:39.000;18.531;186.825
2433;15.09.2020;09:43:40.000;18.542;186.829
2434;15.09.2020;09:43:41.000;18.604;186.769
2435;15.09.2020;09:43:42.000;18.569;186.745
2436;15.09.2020;09:43:43.000;18.469;186.800
2437;15.09.2020;09:43:44.000;18.477;186.822
2438;15.09.2020;09:43:45.000;18.546;186.831
2439;15.09.2020;09:43:46.000;18.465;186.833
2440;15.09.2020;09:43:47.000;18.461;186.833
2441;15.09.2020;09:43:48.000;18.520;186.867
2442;15.09.2020;09:43:49.000;18.485;186.896
2443;15.09.2020;09:43:50.000;18.637;186.875
2444;15.09.2020;09:43:51.000;18.515;186.852
2445;15.09.2020;09:43:52.000;18.548;186.851
2446;15.09.2020;09:43:53.000;18.518;186.861
2447;15.09.2020;09:43:54.000;18.505;186.832
2448;15.09.2020;09:43:55.000;18.449;186.788
2449;15.09.2020;09:43:56.000;18.515;186.728
2450;15.09.2020;09:43:57.000;18.481;186.749
2451;15.09.2020;09:43:58.000;18.518;186.832
2452;15.09.2020;09:43:59.000;18.501;186.870
2453;15.09.2020;09:44:00.000;18.410;186.872
2454;15.09.2020;09:44:01.000;18.570;186.773
2455;15.09.2020;09:44:02.000;18.453;186.760
2456;15.09.2020;09:44:03.000;18.619;186.745
2457;15.09.2020;09:44:04.000;18.494;186.742
2458;15.09.2020;09:44:05.000;18.538;186.701
2459;15.09.2020;09:44:06.000;18.528;186.692
2460;15.09.2020;09:44:07.000;18.595;186.696
2461;15.09.2020;09:44:08.000;18.629;186.710
2462;15.09.2020;09:44:09.000;18.569;186.770
2463;15.09.2020;09:44:10.000;18.540;186.762
2464;15.09.2020;09:44:11.000;18.629;186.759
2465;15.09.2020;09:44:12.000;18.532;186.725
2466;15.09.2020;09:44:13.000;18.423;186.787
2467;15.09.2020;09:44:14.000;18.444;186.809
2468;15.09.2020;09:44:15.000;18.515;186.807
2469;15.09.2020;09:44:16.000;18.553;186.795
2470;15.09.2020;09:44:17.000;18.495;186.842
2471;15.09.2020;09:44:18.000;18.553;186.896
2472;15.09.2020;09:44:19.000;18.465;186.968
2473;15.09.2020;09:44:20.000;18.395;186.995
2474;15.09.2020;09:44:21.000;18.516;186.947
2475;15.09.2020;09:44:22.000;18.569;186.913
2476;15.09.2020;09:44:23.000;18.538;186.952
2477;15.09.2020;09:44:24.000;18.615;186.960
2478;15.09.2020;09:44:25.000;18.449;186.954
2479;15.09.2020;09:44:26.000;18.567;186.895
2480;15.09.2020;09:44:27.000;18.574;186.897
2481;15.09.2020;09:44:28.000;18.564;186.927
2482;15.09.2020;09:44:29.000;18.595;186.952
2483;15.09.2020;09:44:30.000;18.568;186.923
2484;15.09.2020;09:44:31.000;18.648;186.903
2485;15.09.2020;09:44:32.000;18.581;186.883
2486;15.09.2020;09:44:33.000;18.673;186.865
2487;15.09.2020;09:44:34.000;18.657;186.865
2488;15.09.2020;09:44:35.000;18.517;186.892
2489;15.09.2020;09:44:36.000;18.625;186.807
2490;15.09.2020;09:44:37.000;18.455;186.791
2491;15.09.2020;09:44:38.000;18.446;186.843
2492;15.09.2020;09:44:39.000;18.622;186.885
2493;15.09.2020;09:44:40.000;18.527;186.914
2494;15.09.2020;09:44:41.000;18.540;186.903
2495;15.09.2020;09:44:42.000;18.448;186.919
2496;15.09.2020;09:44:43.000;18.490;186.982
2497;15.09.2020;09:44:44.000;18.595;186.956
2498;15.09.2020;09:44:45.000;18.627;186.961
2499;15.09.2020;09:44:46.000;18.544;186.930
2500;15.09.2020;09:44:47.000;18.536;186.904
2501;15.09.2020;09:44:48.000;18.468;186.983
2502;15.09.2020;09:44:49.000;18.494;186.950
2503;15.09.2020;09:44:50.000;18.418;186.897
2504;15.09.2020;09:44:51.000;18.512;186.876
2505;15.09.2020;09:44:52.000;18.567;186.840
2506;15.09.2020;09:44:53.000;18.568;186.862
2507;15.09.2020;09:44:54.000;18.442;186.801
2508;15.09.2020;09:44:55.000;18.501;186.755
2509;15.09.2020;09:44:56.000;18.493;186.738
2510;15.09.2020;09:44:57.000;18.507;186.743
2511;15.09.2020;09:44:58.000;18.605;186.765
2512;15.09.2020;09:44:59.000;18.517;186.731
2513;15.09.2020;09:45:00.000;18.560;186.719
2514;15.09.2020;09:45:01.000;18.465;186.727
2515;15.09.2020;09:45:02.000;18.282;185.684
2516;15.09.2020;09:45:03.000;18.984;183.604
2517;15.09.2020;09:45:04.000;18.499;183.633
2518;15.09.2020;09:45:05.000;18.517;183.684
2519;15.09.2020;09:45:06.000;18.495;183.683
2520;15.09.2020;09:45:07.000;18.529;183.658
2521;15.09.2020;09:45:08.000;18.535;183.708
2522;15.09.2020;09:45:09.000;18.527;183.671
2523;15.09.2020;09:45:10.000;18.556;183.619
2524;15.09.2020;09:45:11.000;18.438;183.588
2525;15.09.2020;09:45:12.000;18.461;183.590
2526;15.09.2020;09:45:13.000;18.618;183.655
2527;15.09.2020;09:45:14.000;18.521;183.603
2528;15.09.2020;09:45:15.000;18.524;183.597
2529;15.09.2020;09:45:16.000;18.526;183.555
2530;15.09.2020;09:45:17.000;18.578;183.494
2531;15.09.2020;09:45:18.000;18.631;183.547
2532;15.09.2020;09:45:19.000;18.502;183.574
2533;15.09.2020;09:45:20.000;18.462;183.554
2534;15.09.2020;09:45:21.000;18.589;183.496
2535;15.09.2020;09:45:22.000;18.473;183.512
2536;15.09.2020;09:45:23.000;18.544;183.566
2537;15.09.2020;09:45:24.000;18.501;183.578
2538;15.09.2020;09:45:25.000;18.460;183.509
2539;15.09.2020;09:45:26.000;18.592;183.462
2540;15.09.2020;09:45:27.000;18.483;183.420
2541;15.09.2020;09:45:28.000;18.652;183.395
2542;15.09.2020;09:45:29.000;18.600;183.443
2543;15.09.2020;09:45:30.000;18.485;183.426
2544;15.09.2020;09:45:31.000;18.552;183.384
2545;15.09.2020;09:45:32.000;18.543;183.369
2546;15.09.2020;09:45:33.000;18.630;183.401
2547;15.09.2020;09:45:34.000;18.577;183.359
2548;15.09.2020;09:45:35.000;18.559;183.343
2549;15.09.2020;09:45:36.000;18.562;183.311
2550;15.09.2020;09:45:37.000;18.568;183.291
2551;15.09.2020;09:45:38.000;18.610;183.294
2552;15.09.2020;09:45:39.000;18.612;183.321
2553;15.09.2020;09:45:40.000;18.584;183.300
2554;15.09.2020;09:45:41.000;18.684;183.264
2555;15.09.2020;09:45:42.000;18.526;183.271
2556;15.09.2020;09:45:43.000;18.584;183.305
2557;15.09.2020;09:45:44.000;18.577;183.397
2558;15.09.2020;09:45:45.000;18.504;183.414
2559;15.09.2020;09:45:46.000;18.609;183.394
2560;15.09.2020;09:45:47.000;18.515;183.427
2561;15.09.2020;09:45:48.000;18.559;183.446
2562;15.09.2020;09:45:49.000;18.611;183.430
2563;15.09.2020;09:45:50.000;18.495;183.403
2564;15.09.2020;09:45:51.000;18.569;183.391
2565;15.09.2020;09:45:52.000;18.563;183.401
2566;15.09.2020;09:45:53.000;18.519;183.460
2567;15.09.2020;09:45:54.000;18.439;183.522
2568;15.09.2020;09:45:55.000;18.589;183.517
2569;15.09.2020;09:45:56.000;18.493;183.470
2570;15.09.2020;09:45:57.000;18.539;183.432
2571;15.09.2020;09:45:58.000;18.438;183.434
2572;15.09.2020;09:45:59.000;18.515;183.461
2573;15.09.2020;09:46:00.000;18.574;183.443
2574;15.09.2020;09:46:01.000;18.424;183.403
2575;15.09.2020;09:46:02.000;18.453;183.419
2576;15.09.2020;09:46:03.000;18.456;183.455
2577;15.09.2020;09:46:04.000;18.479;183.463
2578;15.09.2020;09:46:05.000;18.593;183.459
2579;15.09.2020;09:46:06.000;18.499;183.504
2580;15.09.2020;09:46:07.000;18.519;183.524
2581;15.09.2020;09:46:08.000;18.603;183.583
2582;15.09.2020;09:46:09.000;18.461;183.593
2583;15.09.2020;09:46:10.000;18.581;183.545
2584;15.09.2020;09:46:11.000;18.495;183.510
2585;15.09.2020;09:46:12.000;18.507;183.452
2586;15.09.2020;09:46:13.000;18.529;183.469
2587;15.09.2020;09:46:14.000;18.570;183.473
2588;15.09.2020;09:46:15.000;18.627;183.487
2589;15.09.2020;09:46:16.000;18.495;183.477
2590;15.09.2020;09:46:17.000;18.511;183.476
2591;15.09.2020;09:46:18.000;18.722;183.504
2592;15.09.2020;09:46:19.000;18.535;183.506
2593;15.09.2020;09:46:20.000;18.510;183.473
2594;15.09.2020;09:46:21.000;18.542;183.441
2595;15.09.2020;09:46:22.000;18.597;183.423
2596;15.09.2020;09:46:23.000;18.663;183.458
2597;15.09.2020;09:46:24.000;18.542;183.442
2598;15.09.2020;09:46:25.000;18.554;183.423
2599;15.09.2020;09:46:26.000;18.523;183.355
2600;15.09.2020;09:46:27.000;18.498;183.306
2601;15.09.2020;09:46:28.000;18.569;183.307
2602;15.09.2020;09:46:29.000;18.583;183.254
2603;15.09.2020;09:46:30.000;18.447;183.274
2604;15.09.2020;09:46:31.000;18.497;183.293
2605;15.09.2020;09:46:32.000;18.461;183.276
2606;15.09.2020;09:46:33.000;18.487;183.375
2607;15.09.2020;09:46:34.000;18.477;183.409
2608;15.09.2020;09:46:35.000;18.569;183.437
2609;15.09.2020;09:46:36.000;18.525;183.425
2610;15.09.2020;09:46:37.000;18.586;183.421
2611;15.09.2020;09:46:38.000;18.462;183.472
2612;15.09.2020;09:46:39.000;18.515;183.439
2613;15.09.2020;09:46:40.000;18.463;183.460
2614;15.09.2020;09:46:41.000;18.708;183.991
2615;15.09.2020;09:46:42.000;18.591;186.641
2616;15.09.2020;09:46:43.000;18.560;186.770
2617;15.09.2020;09:46:44.000;18.539;186.766
2618;15.09.2020;09:46:45.000;18.541;186.716
2619;15.09.2020;09:46:46.000;18.429;186.674
2620;15.09.2020;09:46:47.000;18.534;186.659
2621;15.09.2020;09:46:48.000;18.463;186.724
2622;15.09.2020;09:46:49.000;18.644;186.717
2623;15.09.2020;09:46:50.000;18.555;186.709
2624;15.09.2020;09:46:51.000;18.478;186.709
2625;15.09.2020;09:46:52.000;18.591;186.685
2626;15.09.2020;09:46:53.000;18.464;186.756
2627;15.09.2020;09:46:54.000;18.592;186.750
2628;15.09.2020;09:46:55.000;18.608;186.765
2629;15.09.2020;09:46:56.000;18.560;186.748
2630;15.09.2020;09:46:57.000;18.472;186.758
2631;15.09.2020;09:46:58.000;18.532;186.778
2632;15.09.2020;09:46:59.000;18.508;186.809
2633;15.09.2020;09:47:00.000;18.547;186.813
2634;15.09.2020;09:47:01.000;18.410;186.784
2635;15.09.2020;09:47:02.000;18.546;186.762
2636;15.09.2020;09:47:03.000;18.458;186.799
2637;15.09.2020;09:47:04.000;18.470;186.761
2638;15.09.2020;09:47:05.000;18.477;186.796
2639;15.09.2020;09:47:06.000;18.502;186.778
2640;15.09.2020;09:47:07.000;18.466;186.782
2641;15.09.2020;09:47:08.000;18.466;186.776
2642;15.09.2020;09:47:09.000;18.529;186.780
2643;15.09.2020;09:47:10.000;18.478;186.773
2644;15.09.2020;09:47:11.000;18.463;186.748
2645;15.09.2020;09:47:12.000;18.503;186.740
2646;15.09.2020;09:47:13.000;18.569;186.798
2647;15.09.2020;09:47:14.000;18.475;186.831
2648;15.09.2020;09:47:15.000;18.538;186.826
2649;15.09.2020;09:47:16.000;18.561;186.760
2650;15.09.2020;09:47:17.000;18.334;186.740
2651;15.09.2020;09:47:18.000;18.478;186.739
2652;15.09.2020;09:47:19.000;18.533;186.821
2653;15.09.2020;09:47:20.000;18.537;186.861
2654;15.09.2020;09:47:21.000;18.544;186.903
2655;15.09.2020;09:47:22.000;18.474;186.935
2656;15.09.2020;09:47:23.000;18.598;186.934
2657;15.09.2020;09:47:24.000;18.415;186.892
2658;15.09.2020;09:47:25.000;18.494;186.941
2659;15.09.2020;09:47:26.000;18.496;186.885
2660;15.09.2020;09:47:27.000;18.426;186.836
2661;15.09.2020;09:47:28.000;18.560;186.851
2662;15.09.2020;09:47:29.000;18.466;186.863
2663;15.09.2020;09:47:30.000;18.522;186.796
2664;15.09.2020;09:47:31.000;18.561;186.934
2665;15.09.2020;09:47:32.000;18.429;187.091
2666;15.09.2020;09:47:33.000;18.544;187.119
2667;15.09.2020;09:47:34.000;18.492;187.072
2668;15.09.2020;09:47:35.000;18.462;187.071
2669;15.09.2020;09:47:36.000;18.380;187.046
2670;15.09.2020;09:47:37.000;19.307;186.906
2671;15.09.2020;09:47:38.000;20.552;186.750
2672;15.09.2020;09:47:39.000;20.435;186.857
2673;15.09.2020;09:47:40.000;20.344;186.875
2674;15.09.2020;09:47:41.000;20.086;186.899
2675;15.09.2020;09:47:42.000;19.731;187.232
2676;15.09.2020;09:47:43.000;19.540;187.360
2677;15.09.2020;09:47:44.000;19.688;187.372
2678;15.09.2020;09:47:45.000;19.590;187.325
2679;15.09.2020;09:47:46.000;19.622;187.306
2680;15.09.2020;09:47:47.000;19.682;187.323
2681;15.09.2020;09:47:48.000;19.633;187.407
2682;15.09.2020;09:47:49.000;19.607;187.455
2683;15.09.2020;09:47:50.000;19.457;187.445
2684;15.09.2020;09:47:51.000;19.541;187.396
2685;15.09.2020;09:47:52.000;19.636;187.315
2686;15.09.2020;09:47:53.000;19.523;187.307
2687;15.09.2020;09:47:54.000;19.560;187.326
2688;15.09.2020;09:47:55.000;19.601;187.370
2689;15.09.2020;09:47:56.000;19.649;187.298
2690;15.09.2020;09:47:57.000;19.723;187.330
2691;15.09.2020;09:47:58.000;19.584;187.408
2692;15.09.2020;09:47:59.000;19.613;187.362
2693;15.09.2020;09:48:00.000;19.619;187.294
2694;15.09.2020;09:48:01.000;19.602;187.191
2695;15.09.2020;09:48:02.000;19.644;187.161
2696;15.09.2020;09:48:03.000;19.653;187.195
2697;15.09.2020;09:48:04.000;19.530;187.218
2698;15.09.2020;09:48:05.000;19.675;187.246
2699;15.09.2020;09:48:06.000;19.663;187.248
2700;15.09.2020;09:48:07.000;19.599;187.258
2701;15.09.2020;09:48:08.000;19.603;187.305
2702;15.09.2020;09:48:09.000;19.707;187.280
2703;15.09.2020;09:48:10.000;19.628;187.282
2704;15.09.2020;09:48:11.000;19.602;187.213
2705;15.09.2020;09:48:12.000;19.740;187.145
2706;15.09.2020;09:48:13.000;19.663;187.231
2707;15.09.2020;09:48:14.000;19.592;187.255
2708;15.09.2020;09:48:15.000;19.626;187.248
2709;15.09.2020;09:48:16.000;19.556;187.213
2710;15.09.2020;09:48:17.000;19.500;187.188
2711;15.09.2020;09:48:18.000;19.559;187.252
2712;15.09.2020;09:48:19.000;19.587;187.263
2713;15.09.2020;09:48:20.000;19.695;187.257
2714;15.09.2020;09:48:21.000;19.743;187.195
2715;15.09.2020;09:48:22.000;19.651;187.215
2716;15.09.2020;09:48:23.000;19.623;187.222
2717;15.09.2020;09:48:24.000;19.594;187.167
2718;15.09.2020;09:48:25.000;19.640;187.171
2719;15.09.2020;09:48:26.000;19.619;187.171
2720;15.09.2020;09:48:27.000;19.735;187.116
2721;15.09.2020;09:48:28.000;19.659;187.155
2722;15.09.2020;09:48:29.000;19.699;187.217
2723;15.09.2020;09:48:30.000;19.556;187.187
2724;15.09.2020;09:48:31.000;19.741;187.183
2725;15.09.2020;09:48:32.000;19.628;187.235
2726;15.09.2020;09:48:33.000;19.599;187.279
2727;15.09.2020;09:48:34.000;19.649;187.307
2728;15.09.2020;09:48:35.000;19.686;187.304
2729;15.09.2020;09:48:36.000;19.636;187.283
2730;15.09.2020;09:48:37.000;19.696;187.291
2731;15.09.2020;09:48:38.000;19.640;187.330
2732;15.09.2020;09:48:39.000;19.599;187.418
2733;15.09.2020;09:48:40.000;19.582;187.447
2734;15.09.2020;09:48:41.000;19.608;187.430
2735;15.09.2020;09:48:42.000;19.523;187.430
2736;15.09.2020;09:48:43.000;19.683;187.458
2737;15.09.2020;09:48:44.000;18.285;187.614
2738;15.09.2020;09:48:45.000;18.300;187.625
2739;15.09.2020;09:48:46.000;18.469;187.533
2740;15.09.2020;09:48:47.000;18.358;187.483
2741;15.09.2020;09:48:48.000;18.495;187.470
2742;15.09.2020;09:48:49.000;18.468;187.540
2743;15.09.2020;09:48:50.000;18.333;187.574
2744;15.09.2020;09:48:51.000;18.503;187.557
2745;15.09.2020;09:48:52.000;18.377;187.570
2746;15.09.2020;09:48:53.000;18.378;187.579
2747;15.09.2020;09:48:54.000;18.392;187.580
2748;15.09.2020;09:48:55.000;18.362;187.579
2749;15.09.2020;09:48:56.000;17.251;187.647
2750;15.09.2020;09:48:57.000;15.780;187.731
2751;15.09.2020;09:48:58.000;16.150;187.772
2752;15.09.2020;09:48:59.000;13.414;187.954
2753;15.09.2020;09:49:00.000;9.815;188.157
2754;15.09.2020;09:49:01.000;8.344;188.207
2755;15.09.2020;09:49:02.000;8.348;188.196
2756;15.09.2020;09:49:03.000;8.457;188.218
2757;15.09.2020;09:49:04.000;8.409;188.246
2758;15.09.2020;09:49:05.000;8.371;188.230
2759;15.09.2020;09:49:06.000;8.387;188.209
2760;15.09.2020;09:49:07.000;8.518;188.212
2761;15.09.2020;09:49:08.000;8.423;188.246
2762;15.09.2020;09:49:09.000;11.481;188.158
2763;15.09.2020;09:49:10.000;12.024;188.142
2764;15.09.2020;09:49:11.000;11.202;188.166
2765;15.09.2020;09:49:12.000;9.149;188.185
2766;15.09.2020;09:49:13.000;9.062;188.162
2767;15.09.2020;09:49:14.000;8.936;188.167
2768;15.09.2020;09:49:15.000;8.914;188.092
2769;15.09.2020;09:49:16.000;8.881;188.055
2770;15.09.2020;09:49:17.000;8.814;188.081
2771;15.09.2020;09:49:18.000;8.795;188.108
2772;15.09.2020;09:49:19.000;8.833;188.164
2773;15.09.2020;09:49:20.000;8.828;188.157
2774;15.09.2020;09:49:21.000;8.879;188.114
2775;15.09.2020;09:49:22.000;8.807;188.098
2776;15.09.2020;09:49:23.000;8.830;188.124
2777;15.09.2020;09:49:24.000;8.888;188.127
2778;15.09.2020;09:49:25.000;8.778;188.132
2779;15.09.2020;09:49:26.000;8.836;188.179
2780;15.09.2020;09:49:27.000;8.832;188.232
2781;15.09.2020;09:49:28.000;8.808;188.292
2782;15.09.2020;09:49:29.000;8.784;188.319
2783;15.09.2020;09:49:30.000;8.764;188.224
2784;15.09.2020;09:49:31.000;8.767;188.151
2785;15.09.2020;09:49:32.000;8.801;188.200
2786;15.09.2020;09:49:33.000;8.770;188.339
2787;15.09.2020;09:49:34.000;8.738;188.357
2788;15.09.2020;09:49:35.000;8.714;188.353
2789;15.09.2020;09:49:36.000;8.662;188.385
2790;15.09.2020;09:49:37.000;8.760;188.391
2791;15.09.2020;09:49:38.000;8.770;188.386
2792;15.09.2020;09:49:39.000;8.794;188.394
2793;15.09.2020;09:49:40.000;8.723;188.400
2794;15.09.2020;09:49:41.000;8.686;188.336
2795;15.09.2020;09:49:42.000;11.857;188.196
2796;15.09.2020;09:49:43.000;11.687;188.298
2797;15.09.2020;09:49:44.000;11.774;188.264
2798;15.09.2020;09:49:45.000;11.706;188.241
2799;15.09.2020;09:49:46.000;11.711;188.220
2800;15.09.2020;09:49:47.000;11.716;188.159
2801;15.09.2020;09:49:48.000;11.679;188.181
2802;15.09.2020;09:49:49.000;11.723;188.221
2803;15.09.2020;09:49:50.000;11.749;188.178
2804;15.09.2020;09:49:51.000;12.215;188.113
2805;15.09.2020;09:49:52.000;12.235;188.096
2806;15.09.2020;09:49:53.000;12.138;188.172
2807;15.09.2020;09:49:54.000;12.273;188.180
2808;15.09.2020;09:49:55.000;12.207;188.118
2809;15.09.2020;09:49:56.000;12.209;188.065
2810;15.09.2020;09:49:57.000;11.328;188.107
2811;15.09.2020;09:49:58.000;8.340;188.289
2812;15.09.2020;09:49:59.000;7.502;188.313
2813;15.09.2020;09:50:00.000;7.618;188.306
2814;15.09.2020;09:50:01.000;7.566;188.301
2815;15.09.2020;09:50:02.000;7.459;188.283
2816;15.09.2020;09:50:03.000;7.417;188.366
2817;15.09.2020;09:50:04.000;7.471;188.469
2818;15.09.2020;09:50:05.000;7.492;188.501
2819;15.09.2020;09:50:06.000;7.503;188.486
2820;15.09.2020;09:50:07.000;7.568;188.467
2821;15.09.2020;09:50:08.000;7.600;188.482
2822;15.09.2020;09:50:09.000;7.586;188.520
2823;15.09.2020;09:50:10.000;7.541;188.504
2824;15.09.2020;09:50:11.000;7.570;188.425
2825;15.09.2020;09:50:12.000;7.551;188.416
2826;15.09.2020;09:50:13.000;7.548;188.475
2827;15.09.2020;09:50:14.000;7.509;188.530
2828;15.09.2020;09:50:15.000;7.478;188.512
2829;15.09.2020;09:50:16.000;7.525;188.488
2830;15.09.2020;09:50:17.000;7.537;188.480
2831;15.09.2020;09:50:18.000;7.512;188.498
2832;15.09.2020;09:50:19.000;11.592;188.352
2833;15.09.2020;09:50:20.000;12.268;188.356
2834;15.09.2020;09:50:21.000;12.172;188.411
2835;15.09.2020;09:50:22.000;12.049;188.414
2836;15.09.2020;09:50:23.000;12.145;188.403
2837;15.09.2020;09:50:24.000;12.048;188.458
2838;15.09.2020;09:50:25.000;12.095;188.520
2839;15.09.2020;09:50:26.000;12.078;188.497
2840;15.09.2020;09:50:27.000;11.993;188.486
2841;15.09.2020;09:50:28.000;12.085;188.472
2842;15.09.2020;09:50:29.000;12.186;188.461
2843;15.09.2020;09:50:30.000;12.052;188.465
2844;15.09.2020;09:50:31.000;12.114;188.382
2845;15.09.2020;09:50:32.000;12.128;188.359
2846;15.09.2020;09:50:33.000;12.068;188.402
2847;15.09.2020;09:50:34.000;12.078;188.482
2848;15.09.2020;09:50:35.000;12.046;188.499
2849;15.09.2020;09:50:36.000;12.026;188.457
2850;15.09.2020;09:50:37.000;12.082;188.417
2851;15.09.2020;09:50:38.000;12.013;188.464
2852;15.09.2020;09:50:39.000;12.088;188.501
2853;15.09.2020;09:50:40.000;12.103;188.530
2854;15.09.2020;09:50:41.000;12.060;188.505
2855;15.09.2020;09:50:42.000;12.111;188.467
2856;15.09.2020;09:50:43.000;12.134;188.479
2857;15.09.2020;09:50:44.000;12.052;188.514
2858;15.09.2020;09:50:45.000;12.087;188.469
2859;15.09.2020;09:50:46.000;12.089;188.419
2860;15.09.2020;09:50:47.000;12.134;188.456
2861;15.09.2020;09:50:48.000;12.151;188.510
2862;15.09.2020;09:50:49.000;12.068;188.527
2863;15.09.2020;09:50:50.000;12.087;188.491
2864;15.09.2020;09:50:51.000;12.113;188.453
2865;15.09.2020;09:50:52.000;12.030;188.462
2866;15.09.2020;09:50:53.000;12.140;188.462
2867;15.09.2020;09:50:54.000;12.072;188.495
2868;15.09.2020;09:50:55.000;12.071;188.511
2869;15.09.2020;09:50:56.000;12.149;188.502
2870;15.09.2020;09:50:57.000;12.083;188.450
2871;15.09.2020;09:50:58.000;12.101;188.499
2872;15.09.2020;09:50:59.000;12.177;188.554
2873;15.09.2020;09:51:00.000;12.094;188.537
2874;15.09.2020;09:51:01.000;12.145;188.505
2875;15.09.2020;09:51:02.000;12.136;188.509
2876;15.09.2020;09:51:03.000;12.090;188.553
2877;15.09.2020;09:51:04.000;12.090;188.506
2878;15.09.2020;09:51:05.000;12.125;188.467
2879;15.09.2020;09:51:06.000;12.133;188.478
2880;15.09.2020;09:51:07.000;12.160;188.425
2881;15.09.2020;09:51:08.000;12.128;188.408
2882;15.09.2020;09:51:09.000;12.125;188.417
2883;15.09.2020;09:51:10.000;12.149;188.438
2884;15.09.2020;09:51:11.000;12.088;188.408
2885;15.09.2020;09:51:12.000;12.144;188.359
2886;15.09.2020;09:51:13.000;12.149;188.421
2887;15.09.2020;09:51:14.000;12.082;188.464
2888;15.09.2020;09:51:15.000;12.138;188.417
2889;15.09.2020;09:51:16.000;12.162;188.391
2890;15.09.2020;09:51:17.000;12.136;188.382
2891;15.09.2020;09:51:18.000;12.136;188.447
2892;15.09.2020;09:51:19.000;12.094;188.436
2893;15.09.2020;09:51:20.000;12.138;188.430
2894;15.09.2020;09:51:21.000;12.139;188.367
2895;15.09.2020;09:51:22.000;12.083;188.347
2896;15.09.2020;09:51:23.000;12.143;188.365
2897;15.09.2020;09:51:24.000;12.127;188.409
2898;15.09.2020;09:51:25.000;12.098;188.360
2899;15.09.2020;09:51:26.000;12.151;188.331
2900;15.09.2020;09:51:27.000;11.974;187.887
2901;15.09.2020;09:51:28.000;12.596;184.509
2902;15.09.2020;09:51:29.000;12.158;185.162
2903;15.09.2020;09:51:30.000;12.163;185.160
2904;15.09.2020;09:51:31.000;12.122;185.094
2905;15.09.2020;09:51:32.000;12.177;185.035
2906;15.09.2020;09:51:33.000;12.150;185.011
2907;15.09.2020;09:51:34.000;12.151;184.946
2908;15.09.2020;09:51:35.000;12.231;184.848
2909;15.09.2020;09:51:36.000;12.119;184.807
2910;15.09.2020;09:51:37.000;12.210;184.726
2911;15.09.2020;09:51:38.000;12.232;184.737
2912;15.09.2020;09:51:39.000;12.196;184.788
2913;15.09.2020;09:51:40.000;12.207;184.750
2914;15.09.2020;09:51:41.000;12.202;184.713
2915;15.09.2020;09:51:42.000;12.206;184.687
2916;15.09.2020;09:51:43.000;12.230;184.719
2917;15.09.2020;09:51:44.000;12.198;184.731
2918;15.09.2020;09:51:45.000;12.208;184.688
2919;15.09.2020;09:51:46.000;12.200;184.671
2920;15.09.2020;09:51:47.000;12.167;184.616
2921;15.09.2020;09:51:48.000;12.219;184.639
2922;15.09.2020;09:51:49.000;12.216;184.718
2923;15.09.2020;09:51:50.000;12.198;184.708
2924;15.09.2020;09:51:51.000;12.159;184.624
2925;15.09.2020;09:51:52.000;12.181;184.632
2926;15.09.2020;09:51:53.000;12.197;184.646
2927;15.09.2020;09:51:54.000;12.209;184.673
2928;15.09.2020;09:51:55.000;12.190;184.699
2929;15.09.2020;09:51:56.000;12.193;184.705
2930;15.09.2020;09:51:57.000;12.202;184.745
2931;15.09.2020;09:51:58.000;12.210;184.791
2932;15.09.2020;09:51:59.000;12.220;184.817
2933;15.09.2020;09:52:00.000;12.153;184.744
2934;15.09.2020;09:52:01.000;12.151;184.736
2935;15.09.2020;09:52:02.000;12.202;184.782
2936;15.09.2020;09:52:03.000;12.171;184.812
2937;15.09.2020;09:52:04.000;12.171;184.826
2938;15.09.2020;09:52:05.000;12.187;184.803
2939;15.09.2020;09:52:06.000;12.183;184.821
2940;15.09.2020;09:52:07.000;12.188;184.788
2941;15.09.2020;09:52:08.000;12.180;184.805
2942;15.09.2020;09:52:09.000;12.143;184.836
2943;15.09.2020;09:52:10.000;12.166;184.814
2944;15.09.2020;09:52:11.000;12.183;184.762
2945;15.09.2020;09:52:12.000;12.149;184.771
2946;15.09.2020;09:52:13.000;12.200;184.795
2947;15.09.2020;09:52:14.000;12.203;184.812
2948;15.09.2020;09:52:15.000;12.152;184.774
2949;15.09.2020;09:52:16.000;12.188;184.814
2950;15.09.2020;09:52:17.000;12.160;184.764
2951;15.09.2020;09:52:18.000;12.200;184.765
2952;15.09.2020;09:52:19.000;12.214;184.806
2953;15.09.2020;09:52:20.000;12.165;184.791
2954;15.09.2020;09:52:21.000;12.186;184.728
2955;15.09.2020;09:52:22.000;12.253;184.729
2956;15.09.2020;09:52:23.000;12.113;184.840
2957;15.09.2020;09:52:24.000;12.157;184.859
2958;15.09.2020;09:52:25.000;12.205;184.811
2959;15.09.2020;09:52:26.000;12.131;184.776
2960;15.09.2020;09:52:27.000;12.183;184.762
2961;15.09.2020;09:52:28.000;12.152;184.825
2962;15.09.2020;09:52:29.000;12.119;184.884
2963;15.09.2020;09:52:30.000;12.202;184.884
2964;15.09.2020;09:52:31.000;12.191;184.879
2965;15.09.2020;09:52:32.000;12.153;184.833
2966;15.09.2020;09:52:33.000;12.181;184.894
2967;15.09.2020;09:52:34.000;12.105;184.935
2968;15.09.2020;09:52:35.000;12.147;184.926
2969;15.09.2020;09:52:36.000;12.169;184.905
2970;15.09.2020;09:52:37.000;12.121;184.852
2971;15.09.2020;09:52:38.000;12.174;184.881
2972;15.09.2020;09:52:39.000;12.140;184.927
2973;15.09.2020;09:52:40.000;14.033;184.694
2974;15.09.2020;09:52:41.000;14.306;184.631
2975;15.09.2020;09:52:42.000;14.192;184.591
2976;15.09.2020;09:52:43.000;14.060;184.633
2977;15.09.2020;09:52:44.000;13.685;184.741
2978;15.09.2020;09:52:45.000;13.463;184.695
2979;15.09.2020;09:52:46.000;13.427;184.681
2980;15.09.2020;09:52:47.000;13.453;184.649
2981;15.09.2020;09:52:48.000;13.412;184.679
2982;15.09.2020;09:52:49.000;13.455;184.738
2983;15.09.2020;09:52:50.000;13.474;184.749
2984;15.09.2020;09:52:51.000;13.383;184.720
2985;15.09.2020;09:52:52.000;13.467;184.714
2986;15.09.2020;09:52:53.000;13.435;184.739
2987;15.09.2020;09:52:54.000;13.419;184.791
2988;15.09.2020;09:52:55.000;13.426;184.765
2989;15.09.2020;09:52:56.000;13.444;184.694
2990;15.09.2020;09:52:57.000;13.412;184.699
2991;15.09.2020;09:52:58.000;13.470;184.711
2992;15.09.2020;09:52:59.000;13.377;184.762
2993;15.09.2020;09:53:00.000;13.453;184.702
2994;15.09.2020;09:53:01.000;13.455;184.710
2995;15.09.2020;09:53:02.000;13.393;184.637
2996;15.09.2020;09:53:03.000;13.440;184.631
2997;15.09.2020;09:53:04.000;13.434;184.688
2998;15.09.2020;09:53:05.000;13.423;184.710
2999;15.09.2020;09:53:06.000;13.779;187.948
3000;15.09.2020;09:53:07.000;13.466;188.011
3001;15.09.2020;09:53:08.000;13.471;188.034
3002;15.09.2020;09:53:09.000;13.456;188.096
3003;15.09.2020;09:53:10.000;13.460;188.111
3004;15.09.2020;09:53:11.000;13.434;188.150
3005;15.09.2020;09:53:12.000;13.485;188.117
3006;15.09.2020;09:53:13.000;13.420;188.092
3007;15.09.2020;09:53:14.000;13.481;188.138
3008;15.09.2020;09:53:15.000;13.485;188.113
3009;15.09.2020;09:53:16.000;13.433;188.058
3010;15.09.2020;09:53:17.000;13.475;188.035
3011;15.09.2020;09:53:18.000;13.473;188.105
3012;15.09.2020;09:53:19.000;13.416;188.183
3013;15.09.2020;09:53:20.000;13.499;188.127
3014;15.09.2020;09:53:21.000;13.484;188.079
3015;15.09.2020;09:53:22.000;13.510;188.125
3016;15.09.2020;09:53:23.000;13.533;188.160
3017;15.09.2020;09:53:24.000;13.458;188.163
3018;15.09.2020;09:53:25.000;13.515;188.132
3019;15.09.2020;09:53:26.000;13.532;188.130
3020;15.09.2020;09:53:27.000;13.497;188.093
3021;15.09.2020;09:53:28.000;13.485;188.067
3022;15.09.2020;09:53:29.000;13.501;188.100
3023;15.09.2020;09:53:30.000;13.462;188.061
3024;15.09.2020;09:53:31.000;13.532;188.011
3025;15.09.2020;09:53:32.000;13.465;187.964
3026;15.09.2020;09:53:33.000;13.555;187.997
3027;15.09.2020;09:53:34.000;13.567;188.050
3028;15.09.2020;09:53:35.000;13.478;187.984
3029;15.09.2020;09:53:36.000;13.505;187.982
3030;15.09.2020;09:53:37.000;13.520;187.981
3031;15.09.2020;09:53:38.000;13.483;187.907
3032;15.09.2020;09:53:39.000;13.537;187.921
3033;15.09.2020;09:53:40.000;13.477;187.949
3034;15.09.2020;09:53:41.000;13.502;187.881
3035;15.09.2020;09:53:42.000;13.554;187.863
3036;15.09.2020;09:53:43.000;13.569;187.906
3037;15.09.2020;09:53:44.000;13.585;187.963
3038;15.09.2020;09:53:45.000;13.575;187.916
3039;15.09.2020;09:53:46.000;13.453;187.905
3040;15.09.2020;09:53:47.000;13.533;187.865
3041;15.09.2020;09:53:48.000;13.529;187.852
3042;15.09.2020;09:53:49.000;13.459;187.899
3043;15.09.2020;09:53:50.000;13.537;187.901
3044;15.09.2020;09:53:51.000;13.502;187.898
3045;15.09.2020;09:53:52.000;13.527;187.850
3046;15.09.2020;09:53:53.000;13.543;187.909
3047;15.09.2020;09:53:54.000;13.498;187.949
3048;15.09.2020;09:53:55.000;13.523;187.867
3049;15.09.2020;09:53:56.000;13.438;187.843
3050;15.09.2020;09:53:57.000;12.255;187.996
3051;15.09.2020;09:53:58.000;12.292;188.042
3052;15.09.2020;09:53:59.000;12.262;188.076
3053;15.09.2020;09:54:00.000;12.207;188.001
3054;15.09.2020;09:54:01.000;12.269;188.000
3055;15.09.2020;09:54:02.000;12.252;187.966
3056;15.09.2020;09:54:03.000;12.241;188.032
3057;15.09.2020;09:54:04.000;12.260;188.031
3058;15.09.2020;09:54:05.000;12.245;187.982
3059;15.09.2020;09:54:06.000;12.239;187.943
3060;15.09.2020;09:54:07.000;12.248;187.968
3061;15.09.2020;09:54:08.000;12.221;188.014
3062;15.09.2020;09:54:09.000;12.255;188.001
3063;15.09.2020;09:54:10.000;12.284;187.972
3064;15.09.2020;09:54:11.000;12.212;187.977
3065;15.09.2020;09:54:12.000;12.256;187.945
3066;15.09.2020;09:54:13.000;12.215;187.964
3067;15.09.2020;09:54:14.000;12.180;188.001
3068;15.09.2020;09:54:15.000;12.245;187.985
3069;15.09.2020;09:54:16.000;12.173;187.968
3070;15.09.2020;09:54:17.000;12.202;187.949
3071;15.09.2020;09:54:18.000;12.264;187.957
3072;15.09.2020;09:54:19.000;12.214;188.020
3073;15.09.2020;09:54:20.000;12.283;187.992
3074;15.09.2020;09:54:21.000;12.245;188.005
3075;15.09.2020;09:54:22.000;12.187;187.983
3076;15.09.2020;09:54:23.000;12.249;187.981
3077;15.09.2020;09:54:24.000;12.220;188.029
3078;15.09.2020;09:54:25.000;12.213;188.048
3079;15.09.2020;09:54:26.000;12.259;188.022
3080;15.09.2020;09:54:27.000;12.246;187.971
3081;15.09.2020;09:54:28.000;12.243;188.051
3082;15.09.2020;09:54:29.000;12.243;188.126
3083;15.09.2020;09:54:30.000;12.224;188.069
3084;15.09.2020;09:54:31.000;12.280;188.059
3085;15.09.2020;09:54:32.000;12.244;188.121
3086;15.09.2020;09:54:33.000;12.182;188.140
3087;15.09.2020;09:54:34.000;12.217;188.157
3088;15.09.2020;09:54:35.000;12.222;188.142
3089;15.09.2020;09:54:36.000;12.175;188.110
3090;15.09.2020;09:54:37.000;12.271;188.090
3091;15.09.2020;09:54:38.000;12.180;188.130
3092;15.09.2020;09:54:39.000;12.207;188.179
3093;15.09.2020;09:54:40.000;12.207;188.174
3094;15.09.2020;09:54:41.000;12.143;188.161
3095;15.09.2020;09:54:42.000;12.206;188.182
3096;15.09.2020;09:54:43.000;12.236;188.255
3097;15.09.2020;09:54:44.000;12.161;188.266
3098;15.09.2020;09:54:45.000;12.207;188.274
3099;15.09.2020;09:54:46.000;12.167;188.253
3100;15.09.2020;09:54:47.000;12.155;188.246
3101;15.09.2020;09:54:48.000;12.199;188.286
3102;15.09.2020;09:54:49.000;12.168;188.318
3103;15.09.2020;09:54:50.000;12.155;188.339
3104;15.09.2020;09:54:51.000;12.207;188.358
3105;15.09.2020;09:54:52.000;12.165;188.372
3106;15.09.2020;09:54:53.000;12.212;188.451
3107;15.09.2020;09:54:54.000;12.261;188.482
3108;15.09.2020;09:54:55.000;12.135;188.512
3109;15.09.2020;09:54:56.000;12.184;188.482
3110;15.09.2020;09:54:57.000;12.156;188.476
3111;15.09.2020;09:54:58.000;12.145;188.588
3112;15.09.2020;09:54:59.000;12.177;188.586
3113;15.09.2020;09:55:00.000;12.157;188.532
3114;15.09.2020;09:55:01.000;12.200;188.512
3115;15.09.2020;09:55:02.000;12.166;188.449
3116;15.09.2020;09:55:03.000;12.119;188.482
3117;15.09.2020;09:55:04.000;12.156;188.471
3118;15.09.2020;09:55:05.000;12.162;188.468
3119;15.09.2020;09:55:06.000;12.119;188.396
3120;15.09.2020;09:55:07.000;12.124;188.370
3121;15.09.2020;09:55:08.000;12.152;188.442
3122;15.09.2020;09:55:09.000;12.130;188.390
3123;15.09.2020;09:55:10.000;12.171;188.369
3124;15.09.2020;09:55:11.000;12.183;188.284
3125;15.09.2020;09:55:12.000;12.188;188.196
3126;15.09.2020;09:55:13.000;12.178;188.175
3127;15.09.2020;09:55:14.000;12.142;188.183
3128;15.09.2020;09:55:15.000;12.167;188.129
3129;15.09.2020;09:55:16.000;12.184;188.075
3130;15.09.2020;09:55:17.000;12.170;188.061
3131;15.09.2020;09:55:18.000;12.210;188.102
3132;15.09.2020;09:55:19.000;12.188;188.130
3133;15.09.2020;09:55:20.000;12.178;188.141
3134;15.09.2020;09:55:21.000;12.247;188.058
3135;15.09.2020;09:55:22.000;12.245;188.020
3136;15.09.2020;09:55:23.000;12.219;188.037
3137;15.09.2020;09:55:24.000;12.229;188.099
3138;15.09.2020;09:55:25.000;12.166;188.151
3139;15.09.2020;09:55:26.000;12.219;188.116
3140;15.09.2020;09:55:27.000;12.238;188.094
3141;15.09.2020;09:55:28.000;12.175;188.144
3142;15.09.2020;09:55:29.000;12.228;188.169
3143;15.09.2020;09:55:30.000;12.226;188.101
3144;15.09.2020;09:55:31.000;12.246;188.055
3145;15.09.2020;09:55:32.000;12.226;188.021
3146;15.09.2020;09:55:33.000;12.239;188.068
3147;15.09.2020;09:55:34.000;12.195;188.182
3148;15.09.2020;09:55:35.000;12.207;188.134
3149;15.09.2020;09:55:36.000;12.165;188.071
3150;15.09.2020;09:55:37.000;12.193;188.092
3151;15.09.2020;09:55:38.000;12.242;188.154
3152;15.09.2020;09:55:39.000;12.156;188.138
3153;15.09.2020;09:55:40.000;12.211;188.087
3154;15.09.2020;09:55:41.000;12.267;188.057
3155;15.09.2020;09:55:42.000;12.159;188.052
3156;15.09.2020;09:55:43.000;12.246;188.084
3157;15.09.2020;09:55:44.000;12.201;188.082
3158;15.09.2020;09:55:45.000;12.191;188.074
3159;15.09.2020;09:55:46.000;12.254;188.014
3160;15.09.2020;09:55:47.000;12.252;188.025
3161;15.09.2020;09:55:48.000;12.189;188.014
3162;15.09.2020;09:55:49.000;12.257;188.062
3163;15.09.2020;09:55:50.000;12.237;188.010
3164;15.09.2020;09:55:51.000;12.278;188.000
3165;15.09.2020;09:55:52.000;12.279;187.932
3166;15.09.2020;09:55:53.000;12.195;187.897
3167;15.09.2020;09:55:54.000;12.236;187.895
3168;15.09.2020;09:55:55.000;12.259;187.919
3169;15.09.2020;09:55:56.000;12.214;187.882
3170;15.09.2020;09:55:57.000;12.230;187.814
3171;15.09.2020;09:55:58.000;12.245;187.807
3172;15.09.2020;09:55:59.000;12.224;187.830
3173;15.09.2020;09:56:00.000;12.262;187.819
3174;15.09.2020;09:56:01.000;12.234;187.819
3175;15.09.2020;09:56:02.000;12.248;187.781
3176;15.09.2020;09:56:03.000;12.273;187.809
3177;15.09.2020;09:56:04.000;12.231;187.824
3178;15.09.2020;09:56:05.000;12.259;187.790
3179;15.09.2020;09:56:06.000;12.316;187.738
3180;15.09.2020;09:56:07.000;12.238;187.685
3181;15.09.2020;09:56:08.000;12.292;187.711
3182;15.09.2020;09:56:09.000;12.308;187.747
3183;15.09.2020;09:56:10.000;12.210;187.769
3184;15.09.2020;09:56:11.000;12.279;187.754
3185;15.09.2020;09:56:12.000;12.258;187.727
3186;15.09.2020;09:56:13.000;12.260;187.824
3187;15.09.2020;09:56:14.000;12.239;187.843
3188;15.09.2020;09:56:15.000;12.287;187.808
3189;15.09.2020;09:56:16.000;12.265;187.791
3190;15.09.2020;09:56:17.000;12.270;187.807
3191;15.09.2020;09:56:18.000;12.217;187.832
3192;15.09.2020;09:56:19.000;12.255;187.887
3193;15.09.2020;09:56:20.000;12.249;187.844
3194;15.09.2020;09:56:21.000;12.193;187.809
3195;15.09.2020;09:56:22.000;12.239;187.801
3196;15.09.2020;09:56:23.000;12.254;187.823
3197;15.09.2020;09:56:24.000;12.224;187.848
3198;15.09.2020;09:56:25.000;12.236;187.838
3199;15.09.2020;09:56:26.000;12.234;187.819
3200;15.09.2020;09:56:27.000;12.211;187.813
3201;15.09.2020;09:56:28.000;12.236;187.832
3202;15.09.2020;09:56:29.000;12.172;187.808
3203;15.09.2020;09:56:30.000;12.207;187.781
3204;15.09.2020;09:56:31.000;12.218;187.773
3205;15.09.2020;09:56:32.000;12.165;187.728
3206;15.09.2020;09:56:33.000;12.260;187.775
3207;15.09.2020;09:56:34.000;12.238;187.847
3208;15.09.2020;09:56:35.000;12.207;187.832
3209;15.09.2020;09:56:36.000;12.237;187.724
3210;15.09.2020;09:56:37.000;12.271;187.687
3211;15.09.2020;09:56:38.000;12.217;187.706
3212;15.09.2020;09:56:39.000;12.226;187.704
3213;15.09.2020;09:56:40.000;12.221;187.699
3214;15.09.2020;09:56:41.000;12.217;187.648
3215;15.09.2020;09:56:42.000;12.298;187.635
3216;15.09.2020;09:56:43.000;12.271;187.698
3217;15.09.2020;09:56:44.000;12.288;187.727
3218;15.09.2020;09:56:45.000;12.364;187.770
3219;15.09.2020;09:56:46.000;12.238;187.769
3220;15.09.2020;09:56:47.000;12.311;187.761
3221;15.09.2020;09:56:48.000;12.351;187.806
3222;15.09.2020;09:56:49.000;12.255;187.863
3223;15.09.2020;09:56:50.000;12.296;187.841
3224;15.09.2020;09:56:51.000;12.315;187.823
3225;15.09.2020;09:56:52.000;12.306;187.855
3226;15.09.2020;09:56:53.000;12.318;187.914
3227;15.09.2020;09:56:54.000;12.285;187.995
3228;15.09.2020;09:56:55.000;12.279;187.979
3229;15.09.2020;09:56:56.000;12.287;187.933
3230;15.09.2020;09:56:57.000;12.272;187.958
3231;15.09.2020;09:56:58.000;12.320;188.030
3232;15.09.2020;09:56:59.000;12.302;188.053
3233;15.09.2020;09:57:00.000;12.249;188.002
3234;15.09.2020;09:57:01.000;12.303;187.960
3235;15.09.2020;09:57:02.000;12.303;187.914
3236;15.09.2020;09:57:03.000;12.253;187.943
3237;15.09.2020;09:57:04.000;12.311;187.994
3238;15.09.2020;09:57:05.000;12.276;188.013
3239;15.09.2020;09:57:06.000;12.229;187.995
3240;15.09.2020;09:57:07.000;12.265;187.973
3241;15.09.2020;09:57:08.000;12.336;188.067
3242;15.09.2020;09:57:09.000;12.193;188.137
3243;15.09.2020;09:57:10.000;12.250;188.094
3244;15.09.2020;09:57:11.000;12.243;188.047
3245;15.09.2020;09:57:12.000;12.264;188.017
3246;15.09.2020;09:57:13.000;12.282;188.032
3247;15.09.2020;09:57:14.000;12.242;188.068
3248;15.09.2020;09:57:15.000;12.243;188.053
3249;15.09.2020;09:57:16.000;12.277;188.034
3250;15.09.2020;09:57:17.000;12.222;188.016
3251;15.09.2020;09:57:18.000;12.271;188.102
3252;15.09.2020;09:57:19.000;12.278;188.152
3253;15.09.2020;09:57:20.000;12.209;188.079
3254;15.09.2020;09:57:21.000;12.302;188.067
3255;15.09.2020;09:57:22.000;12.249;188.073
3256;15.09.2020;09:57:23.000;12.259;188.083
3257;15.09.2020;09:57:24.000;12.277;188.078
3258;15.09.2020;09:57:25.000;12.245;188.057
3259;15.09.2020;09:57:26.000;12.220;188.021
3260;15.09.2020;09:57:27.000;12.298;188.005
3261;15.09.2020;09:57:28.000;12.239;188.047
3262;15.09.2020;09:57:29.000;12.263;188.070
3263;15.09.2020;09:57:30.000;12.284;188.036
3264;15.09.2020;09:57:31.000;12.207;187.985
3265;15.09.2020;09:57:32.000;12.298;187.941
3266;15.09.2020;09:57:33.000;12.282;187.889
3267;15.09.2020;09:57:34.000;12.201;187.875
3268;15.09.2020;09:57:35.000;12.261;187.837
3269;15.09.2020;09:57:36.000;13.339;187.703
3270;15.09.2020;09:57:37.000;14.450;187.569
3271;15.09.2020;09:57:38.000;14.414;187.625
3272;15.09.2020;09:57:39.000;14.270;187.631
3273;15.09.2020;09:57:40.000;13.897;187.616
3274;15.09.2020;09:57:41.000;13.644;187.575
3275;15.09.2020;09:57:42.000;13.561;187.554
3276;15.09.2020;09:57:43.000;13.537;187.627
3277;15.09.2020;09:57:44.000;13.600;187.628
3278;15.09.2020;09:57:45.000;13.512;187.606
3279;15.09.2020;09:57:46.000;13.560;187.542
3280;15.09.2020;09:57:47.000;13.578;187.507
3281;15.09.2020;09:57:48.000;13.558;187.517
3282;15.09.2020;09:57:49.000;13.559;187.562
3283;15.09.2020;09:57:50.000;13.580;187.582
3284;15.09.2020;09:57:51.000;13.489;187.523
3285;15.09.2020;09:57:52.000;13.576;187.459
3286;15.09.2020;09:57:53.000;13.524;187.486
3287;15.09.2020;09:57:54.000;13.512;187.560
3288;15.09.2020;09:57:55.000;13.549;187.575
3289;15.09.2020;09:57:56.000;13.538;187.568
3290;15.09.2020;09:57:57.000;13.544;187.549
3291;15.09.2020;09:57:58.000;13.601;187.585
3292;15.09.2020;09:57:59.000;13.525;187.616
3293;15.09.2020;09:58:00.000;13.543;187.616
3294;15.09.2020;09:58:01.000;13.559;187.588
3295;15.09.2020;09:58:02.000;13.487;187.596
3296;15.09.2020;09:58:03.000;13.542;187.625
3297;15.09.2020;09:58:04.000;13.541;187.691
3298;15.09.2020;09:58:05.000;13.565;187.662
3299;15.09.2020;09:58:06.000;13.513;187.626
3300;15.09.2020;09:58:07.000;13.555;187.652
3301;15.09.2020;09:58:08.000;13.457;187.685
3302;15.09.2020;09:58:09.000;13.505;187.733
3303;15.09.2020;09:58:10.000;13.503;187.695
3304;15.09.2020;09:58:11.000;13.447;187.692
3305;15.09.2020;09:58:12.000;13.547;187.643
3306;15.09.2020;09:58:13.000;13.458;187.638
3307;15.09.2020;09:58:14.000;13.477;187.662
3308;15.09.2020;09:58:15.000;13.040;186.755
3309;15.09.2020;09:58:16.000;14.071;184.233
3310;15.09.2020;09:58:17.000;13.383;184.391
3311;15.09.2020;09:58:18.000;13.420;184.451
3312;15.09.2020;09:58:19.000;13.380;184.471
3313;15.09.2020;09:58:20.000;13.413;184.439
3314;15.09.2020;09:58:21.000;13.442;184.358
3315;15.09.2020;09:58:22.000;13.336;184.367
3316;15.09.2020;09:58:23.000;13.420;184.408
3317;15.09.2020;09:58:24.000;13.435;184.501
3318;15.09.2020;09:58:25.000;13.293;184.485
3319;15.09.2020;09:58:26.000;13.397;184.425
3320;15.09.2020;09:58:27.000;13.379;184.374
3321;15.09.2020;09:58:28.000;13.373;184.417
3322;15.09.2020;09:58:29.000;13.388;184.392
3323;15.09.2020;09:58:30.000;13.397;184.342
3324;15.09.2020;09:58:31.000;13.375;184.320
3325;15.09.2020;09:58:32.001;13.433;184.288
3326;15.09.2020;09:58:33.000;13.415;184.301
3327;15.09.2020;09:58:34.001;13.346;184.316
3328;15.09.2020;09:58:35.000;13.378;184.291
3329;15.09.2020;09:58:36.000;13.371;184.272
3330;15.09.2020;09:58:37.000;13.346;184.302
3331;15.09.2020;09:58:38.000;13.439;184.301
3332;15.09.2020;09:58:39.000;13.356;184.314
3333;15.09.2020;09:58:40.000;13.403;184.321
3334;15.09.2020;09:58:41.000;13.396;184.290
3335;15.09.2020;09:58:42.000;13.325;184.275
3336;15.09.2020;09:58:43.000;13.391;184.421
3337;15.09.2020;09:58:44.000;13.410;184.463
3338;15.09.2020;09:58:45.000;13.323;184.436
3339;15.09.2020;09:58:46.000;13.428;184.442
3340;15.09.2020;09:58:47.000;13.374;184.473
3341;15.09.2020;09:58:48.000;13.366;184.496
3342;15.09.2020;09:58:49.000;13.340;184.493
3343;15.09.2020;09:58:50.000;12.397;184.612
3344;15.09.2020;09:58:51.000;12.091;184.653
3345;15.09.2020;09:58:52.000;12.141;184.601
3346;15.09.2020;09:58:53.000;12.151;184.635
3347;15.09.2020;09:58:54.000;12.117;184.713
3348;15.09.2020;09:58:55.000;12.121;184.693
3349;15.09.2020;09:58:56.000;12.115;184.645
3350;15.09.2020;09:58:57.000;12.117;184.610
3351;15.09.2020;09:58:58.000;12.119;184.649
3352;15.09.2020;09:58:59.000;12.107;184.601
3353;15.09.2020;09:59:00.000;12.132;184.172
3354;15.09.2020;09:59:01.000;12.143;184.353
3355;15.09.2020;09:59:02.000;12.108;184.448
3356;15.09.2020;09:59:03.000;12.191;184.509
3357;15.09.2020;09:59:04.000;12.166;184.519
3358;15.09.2020;09:59:05.000;12.116;184.520
3359;15.09.2020;09:59:06.000;12.202;184.460
3360;15.09.2020;09:59:07.000;12.147;184.461
3361;15.09.2020;09:59:08.000;12.079;184.549
3362;15.09.2020;09:59:09.000;12.172;184.645
3363;15.09.2020;09:59:10.000;12.148;184.667
3364;15.09.2020;09:59:11.000;12.107;184.628
3365;15.09.2020;09:59:12.000;12.174;184.619
3366;15.09.2020;09:59:13.000;12.117;184.643
3367;15.09.2020;09:59:14.000;12.097;184.663
3368;15.09.2020;09:59:15.000;12.118;184.707
3369;15.09.2020;09:59:16.000;12.122;184.685
3370;15.09.2020;09:59:17.000;12.109;184.717
3371;15.09.2020;09:59:18.000;12.136;184.778
3372;15.09.2020;09:59:19.000;12.105;184.785
3373;15.09.2020;09:59:20.000;12.100;184.753
3374;15.09.2020;09:59:21.000;12.086;184.771
3375;15.09.2020;09:59:22.000;12.076;184.781
3376;15.09.2020;09:59:23.000;12.163;184.831
3377;15.09.2020;09:59:24.000;12.135;184.850
3378;15.09.2020;09:59:25.000;12.097;184.826
3379;15.09.2020;09:59:26.000;12.103;184.759
3380;15.09.2020;09:59:27.000;12.143;184.733
3381;15.09.2020;09:59:28.000;12.067;184.776
3382;15.09.2020;09:59:29.000;12.144;184.771
3383;15.09.2020;09:59:30.000;12.111;184.728
3384;15.09.2020;09:59:31.000;12.107;184.491
3385;15.09.2020;09:59:32.000;12.172;184.449
3386;15.09.2020;09:59:33.000;12.146;184.469
3387;15.09.2020;09:59:34.000;11.938;184.667
3388;15.09.2020;09:59:35.000;11.787;184.701
3389;15.09.2020;09:59:36.000;11.843;184.666
3390;15.09.2020;09:59:37.000;11.820;184.629
3391;15.09.2020;09:59:38.000;11.829;184.647
3392;15.09.2020;09:59:39.000;11.884;184.718
3393;15.09.2020;09:59:40.000;11.814;184.739
3394;15.09.2020;09:59:41.000;11.794;184.732
3395;15.09.2020;09:59:42.000;11.803;184.661
3396;15.09.2020;09:59:43.000;11.800;184.724
3397;15.09.2020;09:59:44.000;11.776;184.773
3398;15.09.2020;09:59:45.000;11.804;184.765
3399;15.09.2020;09:59:46.000;11.834;184.738
3400;15.09.2020;09:59:47.000;11.779;184.737
3401;15.09.2020;09:59:48.000;11.860;184.772
3402;15.09.2020;09:59:49.000;11.890;184.861
3403;15.09.2020;09:59:50.000;11.768;184.805
3404;15.09.2020;09:59:51.000;11.828;184.765
3405;15.09.2020;09:59:52.000;11.840;184.729
3406;15.09.2020;09:59:53.000;12.074;184.891
3407;15.09.2020;09:59:54.000;11.841;188.189
3408;15.09.2020;09:59:55.000;11.845;188.090
3409;15.09.2020;09:59:56.000;11.847;188.027
3410;15.09.2020;09:59:57.000;11.822;188.051
3411;15.09.2020;09:59:58.000;11.881;188.089
3412;15.09.2020;09:59:59.000;11.829;188.129
3413;15.09.2020;10:00:00.000;11.806;188.141
3414;15.09.2020;10:00:01.000;11.875;188.136
3415;15.09.2020;10:00:02.000;11.853;188.153
3416;15.09.2020;10:00:03.000;11.845;188.180
3417;15.09.2020;10:00:04.000;11.837;188.248
3418;15.09.2020;10:00:05.000;11.886;188.182
3419;15.09.2020;10:00:06.000;11.829;188.186
3420;15.09.2020;10:00:07.000;11.846;188.131
3421;15.09.2020;10:00:08.000;11.885;188.102
3422;15.09.2020;10:00:09.000;11.888;188.178
3423;15.09.2020;10:00:10.000;11.876;188.215
3424;15.09.2020;10:00:11.000;11.895;188.198
3425;15.09.2020;10:00:12.000;11.905;188.194
3426;15.09.2020;10:00:13.000;11.835;188.220
3427;15.09.2020;10:00:14.000;11.870;188.269
3428;15.09.2020;10:00:15.000;11.898;188.249
3429;15.09.2020;10:00:16.000;11.809;188.231
3430;15.09.2020;10:00:17.000;11.898;188.185
3431;15.09.2020;10:00:18.000;11.918;188.193
3432;15.09.2020;10:00:19.000;11.867;188.259
3433;15.09.2020;10:00:20.000;11.832;188.254
3434;15.09.2020;10:00:21.000;11.903;188.245
3435;15.09.2020;10:00:22.000;11.870;188.206
3436;15.09.2020;10:00:23.000;11.836;188.208
3437;15.09.2020;10:00:24.000;11.860;188.255
3438;15.09.2020;10:00:25.000;11.858;188.286
3439;15.09.2020;10:00:26.000;11.832;188.208
3440;15.09.2020;10:00:27.000;11.807;188.178
3441;15.09.2020;10:00:28.000;11.835;188.178
3442;15.09.2020;10:00:29.000;11.776;188.199
3443;15.09.2020;10:00:30.000;11.843;188.149
3444;15.09.2020;10:00:31.000;11.852;188.093
3445;15.09.2020;10:00:32.000;11.853;188.108
3446;15.09.2020;10:00:33.000;11.872;188.158
3447;15.09.2020;10:00:34.000;11.879;188.210
3448;15.09.2020;10:00:35.000;11.795;188.195
3449;15.09.2020;10:00:36.000;11.803;188.191
3450;15.09.2020;10:00:37.000;11.851;188.159
3451;15.09.2020;10:00:38.000;11.866;188.189
3452;15.09.2020;10:00:39.000;11.802;188.303
3453;15.09.2020;10:00:40.000;11.850;188.282
3454;15.09.2020;10:00:41.000;11.833;188.273
3455;15.09.2020;10:00:42.000;11.822;188.270
3456;15.09.2020;10:00:43.000;11.808;188.293
3457;15.09.2020;10:00:44.000;11.847;188.279
3458;15.09.2020;10:00:45.000;11.856;188.270
3459;15.09.2020;10:00:46.000;11.833;188.220
3460;15.09.2020;10:00:47.000;11.855;188.206
3461;15.09.2020;10:00:48.000;11.834;188.276
3462;15.09.2020;10:00:49.000;11.770;188.302
3463;15.09.2020;10:00:50.000;11.838;188.281
3464;15.09.2020;10:00:51.000;11.853;188.240
3465;15.09.2020;10:00:52.000;11.818;188.281
3466;15.09.2020;10:00:53.000;11.862;188.341
3467;15.09.2020;10:00:54.000;11.846;188.389
3468;15.09.2020;10:00:55.000;11.815;188.376
3469;15.09.2020;10:00:56.000;11.835;188.334
3470;15.09.2020;10:00:57.000;11.881;188.345
3471;15.09.2020;10:00:58.000;11.825;188.443
3472;15.09.2020;10:00:59.000;11.794;188.473
3473;15.09.2020;10:01:00.000;11.853;188.465
3474;15.09.2020;10:01:01.000;11.851;188.469
3475;15.09.2020;10:01:02.000;11.795;188.482
3476;15.09.2020;10:01:03.000;11.851;188.510
3477;15.09.2020;10:01:04.000;11.833;188.505
3478;15.09.2020;10:01:05.000;11.784;188.488
3479;15.09.2020;10:01:06.000;11.841;188.422
3480;15.09.2020;10:01:07.000;11.882;188.400
3481;15.09.2020;10:01:08.000;11.840;188.427
3482;15.09.2020;10:01:09.000;11.813;188.447
3483;15.09.2020;10:01:10.000;11.883;188.466
3484;15.09.2020;10:01:11.000;11.795;188.470
3485;15.09.2020;10:01:12.000;11.792;188.464
3486;15.09.2020;10:01:13.000;11.849;188.527
3487;15.09.2020;10:01:14.000;11.814;188.553
3488;15.09.2020;10:01:15.000;11.771;188.560
3489;15.09.2020;10:01:16.000;11.809;188.502
3490;15.09.2020;10:01:17.000;11.852;188.477
3491;15.09.2020;10:01:18.000;11.770;188.550
3492;15.09.2020;10:01:19.000;11.842;188.575
3493;15.09.2020;10:01:20.000;11.839;188.605
3494;15.09.2020;10:01:21.000;11.764;188.572
3495;15.09.2020;10:01:22.000;11.809;188.534
3496;15.09.2020;10:01:23.000;11.834;188.554
3497;15.09.2020;10:01:24.000;11.813;188.610
3498;15.09.2020;10:01:25.000;11.751;188.592
3499;15.09.2020;10:01:26.000;11.804;188.522
3500;15.09.2020;10:01:27.000;11.827;188.427
3501;15.09.2020;10:01:28.000;11.756;188.445
3502;15.09.2020;10:01:29.000;11.795;188.506
3503;15.09.2020;10:01:30.000;11.828;188.490
3504;15.09.2020;10:01:31.000;11.750;188.476
3505;15.09.2020;10:01:32.000;11.806;188.477
3506;15.09.2020;10:01:33.000;11.849;188.503
3507;15.09.2020;10:01:34.000;11.793;188.556
3508;15.09.2020;10:01:35.000;11.812;188.576
3509;15.09.2020;10:01:36.000;11.803;188.506
3510;15.09.2020;10:01:37.000;11.804;188.477
3511;15.09.2020;10:01:38.000;11.764;188.504
3512;15.09.2020;10:01:39.000;11.791;188.550
3513;15.09.2020;10:01:40.000;11.839;188.487
3514;15.09.2020;10:01:41.000;11.750;188.472
3515;15.09.2020;10:01:42.000;11.806;188.426
3516;15.09.2020;10:01:43.000;11.853;188.432
3517;15.09.2020;10:01:44.000;11.726;188.480
3518;15.09.2020;10:01:45.000;11.780;188.470
3519;15.09.2020;10:01:46.000;11.804;188.423
3520;15.09.2020;10:01:47.000;11.822;188.396
3521;15.09.2020;10:01:48.000;11.813;188.390
3522;15.09.2020;10:01:49.000;11.848;188.421
3523;15.09.2020;10:01:50.000;11.796;188.328
3524;15.09.2020;10:01:51.000;11.798;188.285
3525;15.09.2020;10:01:52.000;11.819;188.243
3526;15.09.2020;10:01:53.000;11.838;188.213
3527;15.09.2020;10:01:54.000;11.769;188.301
3528;15.09.2020;10:01:55.000;11.806;188.313
3529;15.09.2020;10:01:56.000;11.845;188.220
3530;15.09.2020;10:01:57.000;11.785;188.162
3531;15.09.2020;10:01:58.000;11.833;188.174
3532;15.09.2020;10:01:59.000;11.829;188.214
3533;15.09.2020;10:02:00.000;11.818;188.220
3534;15.09.2020;10:02:01.000;11.781;188.177
3535;15.09.2020;10:02:02.000;11.823;188.145
3536;15.09.2020;10:02:03.000;11.839;188.159
3537;15.09.2020;10:02:04.000;11.774;188.285
3538;15.09.2020;10:02:05.000;11.847;188.268
3539;15.09.2020;10:02:06.000;11.840;188.280
3540;15.09.2020;10:02:07.000;11.778;188.324
3541;15.09.2020;10:02:08.000;11.848;188.375
3542;15.09.2020;10:02:09.000;11.806;188.408
3543;15.09.2020;10:02:10.000;11.781;188.428
3544;15.09.2020;10:02:11.000;11.820;188.342
3545;15.09.2020;10:02:12.000;11.869;188.300
3546;15.09.2020;10:02:13.000;11.791;188.214
3547;15.09.2020;10:02:14.000;11.803;188.259
3548;15.09.2020;10:02:15.000;11.837;188.260
3549;15.09.2020;10:02:16.000;11.815;188.273
3550;15.09.2020;10:02:17.000;11.761;188.248
3551;15.09.2020;10:02:18.000;11.800;188.226
3552;15.09.2020;10:02:19.000;11.843;188.233
3553;15.09.2020;10:02:20.000;11.774;188.167
3554;15.09.2020;10:02:21.000;11.810;188.107
3555;15.09.2020;10:02:22.000;11.834;188.106
3556;15.09.2020;10:02:23.000;11.821;188.163
3557;15.09.2020;10:02:24.000;11.787;188.235
3558;15.09.2020;10:02:25.000;11.852;188.218
3559;15.09.2020;10:02:26.000;11.826;188.248
3560;15.09.2020;10:02:27.000;11.782;188.249
3561;15.09.2020;10:02:28.000;11.833;188.275
3562;15.09.2020;10:02:29.000;11.835;188.262
3563;15.09.2020;10:02:30.000;11.780;188.237
3564;15.09.2020;10:02:31.000;11.850;188.239
3565;15.09.2020;10:02:32.000;11.879;188.176
3566;15.09.2020;10:02:33.000;11.824;188.175
3567;15.09.2020;10:02:34.000;11.810;188.198
3568;15.09.2020;10:02:35.000;11.858;188.200
3569;15.09.2020;10:02:36.000;11.791;188.193
3570;15.09.2020;10:02:37.000;13.363;187.994
3571;15.09.2020;10:02:38.000;14.054;187.999
3572;15.09.2020;10:02:39.000;13.949;188.031
3573;15.09.2020;10:02:40.000;13.688;188.113
3574;15.09.2020;10:02:41.000;13.444;188.167
3575;15.09.2020;10:02:42.000;13.261;188.175
3576;15.09.2020;10:02:43.000;13.118;188.252
3577;15.09.2020;10:02:44.000;13.111;188.309
3578;15.09.2020;10:02:45.000;13.118;188.292
3579;15.09.2020;10:02:46.000;13.088;188.300
3580;15.09.2020;10:02:47.000;13.076;188.255
3581;15.09.2020;10:02:48.000;13.132;188.320
3582;15.09.2020;10:02:49.000;13.138;188.358
3583;15.09.2020;10:02:50.000;13.058;188.317
3584;15.09.2020;10:02:51.000;13.127;188.297
3585;15.09.2020;10:02:52.000;13.120;188.304
3586;15.09.2020;10:02:53.000;13.073;188.358
3587;15.09.2020;10:02:54.000;13.141;188.379
3588;15.09.2020;10:02:55.000;13.118;188.392
3589;15.09.2020;10:02:56.000;13.099;188.342
3590;15.09.2020;10:02:57.000;13.118;188.316
3591;15.09.2020;10:02:58.000;13.099;188.372
3592;15.09.2020;10:02:59.000;13.109;188.424
3593;15.09.2020;10:03:00.000;13.035;188.411
3594;15.09.2020;10:03:01.000;13.104;188.450
3595;15.09.2020;10:03:02.000;13.099;188.471
3596;15.09.2020;10:03:03.000;13.042;188.490
3597;15.09.2020;10:03:04.000;13.064;188.519
3598;15.09.2020;10:03:05.000;13.078;188.510
3599;15.09.2020;10:03:06.000;13.024;188.480
3600;15.09.2020;10:03:07.000;13.086;188.410
3601;15.09.2020;10:03:08.000;13.131;188.443
3602;15.09.2020;10:03:09.000;13.042;188.501
3603;15.09.2020;10:03:10.000;13.056;188.461
3604;15.09.2020;10:03:11.000;13.071;188.421
3605;15.09.2020;10:03:12.000;13.084;188.389
3606;15.09.2020;10:03:13.000;13.041;188.416
3607;15.09.2020;10:03:14.000;13.096;188.478
3608;15.09.2020;10:03:15.000;13.100;188.529
3609;15.09.2020;10:03:16.000;13.011;188.533
3610;15.09.2020;10:03:17.000;13.070;188.396
3611;15.09.2020;10:03:18.000;13.091;188.368
3612;15.09.2020;10:03:19.000;13.053;188.498
3613;15.09.2020;10:03:20.000;13.048;188.471
3614;15.09.2020;10:03:21.000;13.089;188.443
3615;15.09.2020;10:03:22.000;13.051;188.429
3616;15.09.2020;10:03:23.000;13.056;188.423
3617;15.09.2020;10:03:24.000;13.108;188.460
3618;15.09.2020;10:03:25.000;13.120;188.482
3619;15.09.2020;10:03:26.000;13.057;188.492
3620;15.09.2020;10:03:27.000;13.103;188.492
3621;15.09.2020;10:03:28.000;13.075;188.492
3622;15.09.2020;10:03:29.000;12.996;188.528
3623;15.09.2020;10:03:30.000;13.047;188.522
3624;15.09.2020;10:03:31.000;13.051;188.528
3625;15.09.2020;10:03:32.000;13.064;188.510
3626;15.09.2020;10:03:33.000;13.043;188.505
3627;15.09.2020;10:03:34.000;13.098;188.588
3628;15.09.2020;10:03:35.000;13.099;188.577
3629;15.09.2020;10:03:36.000;12.974;188.523
3630;15.09.2020;10:03:37.000;13.084;188.483
3631;15.09.2020;10:03:38.000;13.081;188.499
3632;15.09.2020;10:03:39.000;13.013;188.523
3633;15.09.2020;10:03:40.000;13.064;188.490
3634;15.09.2020;10:03:41.000;13.081;188.477
3635;15.09.2020;10:03:42.000;13.052;188.488
3636;15.09.2020;10:03:43.000;13.106;188.520
3637;15.09.2020;10:03:44.000;13.092;188.528
3638;15.09.2020;10:03:45.000;13.054;188.483
3639;15.09.2020;10:03:46.000;13.021;188.483
3640;15.09.2020;10:03:47.000;13.052;188.430
3641;15.09.2020;10:03:48.000;13.075;188.434
3642;15.09.2020;10:03:49.000;13.022;188.478
3643;15.09.2020;10:03:50.000;13.098;188.456
3644;15.09.2020;10:03:51.000;13.075;188.418
3645;15.09.2020;10:03:52.000;13.058;188.344
3646;15.09.2020;10:03:53.000;11.816;188.516
3647;15.09.2020;10:03:54.000;11.857;188.547
3648;15.09.2020;10:03:55.000;11.815;188.512
3649;15.09.2020;10:03:56.000;11.809;188.484
3650;15.09.2020;10:03:57.000;11.835;188.407
3651;15.09.2020;10:03:58.000;11.848;188.411
3652;15.09.2020;10:03:59.000;11.803;188.485
3653;15.09.2020;10:04:00.000;11.839;188.427
3654;15.09.2020;10:04:01.000;11.870;188.400
3655;15.09.2020;10:04:02.000;11.828;188.382
3656;15.09.2020;10:04:03.000;11.873;188.341
3657;15.09.2020;10:04:04.000;11.863;188.375
3658;15.09.2020;10:04:05.000;11.827;188.383
3659;15.09.2020;10:04:06.000;11.832;188.406
3660;15.09.2020;10:04:07.000;11.859;188.374
3661;15.09.2020;10:04:08.000;11.892;188.403
3662;15.09.2020;10:04:09.000;11.810;188.408
3663;15.09.2020;10:04:10.000;11.876;188.365
3664;15.09.2020;10:04:11.000;11.890;188.322
3665;15.09.2020;10:04:12.000;11.800;188.363
3666;15.09.2020;10:04:13.000;11.841;188.411
3667;15.09.2020;10:04:14.000;11.855;188.419
3668;15.09.2020;10:04:15.000;11.820;188.403
3669;15.09.2020;10:04:16.000;11.819;188.378
3670;15.09.2020;10:04:17.000;11.872;188.328
3671;15.09.2020;10:04:18.000;11.878;188.367
3672;15.09.2020;10:04:19.000;11.799;188.370
3673;15.09.2020;10:04:20.000;11.840;188.361
3674;15.09.2020;10:04:21.000;11.909;188.316
3675;15.09.2020;10:04:22.000;11.819;188.307
3676;15.09.2020;10:04:23.000;11.832;188.304
3677;15.09.2020;10:04:24.000;11.849;188.341
3678;15.09.2020;10:04:25.000;11.853;188.417
3679;15.09.2020;10:04:26.000;11.810;188.411
3680;15.09.2020;10:04:27.000;11.865;188.356
3681;15.09.2020;10:04:28.000;11.871;188.414
3682;15.09.2020;10:04:29.000;11.853;188.425
3683;15.09.2020;10:04:30.000;11.877;188.360
3684;15.09.2020;10:04:31.000;11.892;188.326
3685;15.09.2020;10:04:32.000;11.861;188.226
3686;15.09.2020;10:04:33.000;11.863;188.256
3687;15.09.2020;10:04:34.000;11.873;188.296
3688;15.09.2020;10:04:35.000;11.814;188.360
3689;15.09.2020;10:04:36.000;11.855;188.355
3690;15.09.2020;10:04:37.000;11.847;188.305
3691;15.09.2020;10:04:38.000;11.867;188.347
3692;15.09.2020;10:04:39.000;11.834;188.404
3693;15.09.2020;10:04:40.000;11.872;188.377
3694;15.09.2020;10:04:41.000;11.859;188.341
3695;15.09.2020;10:04:42.000;11.813;188.228
3696;15.09.2020;10:04:43.000;11.859;188.177
3697;15.09.2020;10:04:44.000;11.863;188.203
3698;15.09.2020;10:04:45.000;11.853;188.289
3699;15.09.2020;10:04:46.000;11.852;188.309
3700;15.09.2020;10:04:47.000;11.872;188.241
3701;15.09.2020;10:04:48.000;11.817;188.250
3702;15.09.2020;10:04:49.000;11.811;188.338
3703;15.09.2020;10:04:50.000;11.839;188.273
3704;15.09.2020;10:04:51.000;11.857;188.265
3705;15.09.2020;10:04:52.000;11.802;188.254
3706;15.09.2020;10:04:53.000;11.888;188.239
3707;15.09.2020;10:04:54.000;11.900;188.300
3708;15.09.2020;10:04:55.000;11.812;188.312
3709;15.09.2020;10:04:56.000;11.847;188.242
3710;15.09.2020;10:04:57.000;11.884;188.185
3711;15.09.2020;10:04:58.000;11.806;188.214
3712;15.09.2020;10:04:59.000;11.816;188.289
3713;15.09.2020;10:05:00.000;11.843;188.257
3714;15.09.2020;10:05:01.000;11.892;188.302
3715;15.09.2020;10:05:02.000;11.770;188.288
3716;15.09.2020;10:05:03.000;12.148;184.150
3717;15.09.2020;10:05:04.000;11.859;185.189
3718;15.09.2020;10:05:05.000;11.775;185.207
3719;15.09.2020;10:05:06.000;11.859;185.173
3720;15.09.2020;10:05:07.000;11.838;185.122
3721;15.09.2020;10:05:08.000;11.788;185.124
3722;15.09.2020;10:05:09.000;11.825;185.150
3723;15.09.2020;10:05:10.000;11.860;185.116
3724;15.09.2020;10:05:11.000;11.843;185.075
3725;15.09.2020;10:05:12.000;11.757;185.025
3726;15.09.2020;10:05:13.000;11.827;185.034
3727;15.09.2020;10:05:14.000;11.813;185.080
3728;15.09.2020;10:05:15.000;11.755;185.074
3729;15.09.2020;10:05:16.000;11.846;185.084
3730;15.09.2020;10:05:17.000;11.833;185.032
3731;15.09.2020;10:05:18.000;11.803;185.038
3732;15.09.2020;10:05:19.000;11.816;185.134
3733;15.09.2020;10:05:20.000;11.810;185.146
3734;15.09.2020;10:05:21.000;11.850;185.182
3735;15.09.2020;10:05:22.000;11.786;185.147
3736;15.09.2020;10:05:23.000;11.800;185.112
3737;15.09.2020;10:05:24.000;11.841;185.150
3738;15.09.2020;10:05:25.000;11.748;185.156
3739;15.09.2020;10:05:26.000;11.827;185.163
3740;15.09.2020;10:05:27.000;11.822;185.145
3741;15.09.2020;10:05:28.000;11.780;185.124
3742;15.09.2020;10:05:29.000;11.822;185.143
3743;15.09.2020;10:05:30.000;11.868;185.129
3744;15.09.2020;10:05:31.000;11.829;185.090
3745;15.09.2020;10:05:32.000;11.795;185.055
3746;15.09.2020;10:05:33.000;11.884;185.088
3747;15.09.2020;10:05:34.000;11.886;185.104
3748;15.09.2020;10:05:35.000;11.757;185.089
3749;15.09.2020;10:05:36.000;11.870;185.066
3750;15.09.2020;10:05:37.000;11.843;185.036
3751;15.09.2020;10:05:38.000;11.818;185.048
3752;15.09.2020;10:05:39.000;11.801;185.112
3753;15.09.2020;10:05:40.000;11.833;185.065
3754;15.09.2020;10:05:41.000;11.810;185.036
3755;15.09.2020;10:05:42.000;11.855;184.962
3756;15.09.2020;10:05:43.000;11.853;184.911
3757;15.09.2020;10:05:44.000;11.830;184.941
3758;15.09.2020;10:05:45.000;11.808;184.914
3759;15.09.2020;10:05:46.000;11.827;184.939
3760;15.09.2020;10:05:47.000;11.867;184.933
3761;15.09.2020;10:05:48.000;11.805;184.925
3762;15.09.2020;10:05:49.000;11.784;184.938
3763;15.09.2020;10:05:50.000;11.855;184.917
3764;15.09.2020;10:05:51.000;11.800;184.876
3765;15.09.2020;10:05:52.000;11.801;184.830
3766;15.09.2020;10:05:53.000;11.825;184.870
3767;15.09.2020;10:05:54.000;11.849;184.899
3768;15.09.2020;10:05:55.000;11.769;184.913
3769;15.09.2020;10:05:56.000;11.844;184.829
3770;15.09.2020;10:05:57.000;11.819;184.807
3771;15.09.2020;10:05:58.000;11.786;184.899
3772;15.09.2020;10:05:59.000;11.780;184.938
3773;15.09.2020;10:06:00.000;11.817;184.900
3774;15.09.2020;10:06:01.000;11.786;184.871
3775;15.09.2020;10:06:02.000;11.772;184.867
3776;15.09.2020;10:06:03.000;11.811;184.899
3777;15.09.2020;10:06:04.000;11.822;184.914
3778;15.09.2020;10:06:05.000;11.785;184.804
3779;15.09.2020;10:06:06.000;11.785;184.823
3780;15.09.2020;10:06:07.000;11.787;184.828
3781;15.09.2020;10:06:08.000;11.747;184.891
3782;15.09.2020;10:06:09.000;11.863;184.903
3783;15.09.2020;10:06:10.000;11.790;184.864
3784;15.09.2020;10:06:11.000;11.827;184.848
3785;15.09.2020;10:06:12.000;11.800;184.851
3786;15.09.2020;10:06:13.000;11.843;184.804
3787;15.09.2020;10:06:14.000;11.837;184.785
3788;15.09.2020;10:06:15.000;11.790;184.825
3789;15.09.2020;10:06:16.000;11.837;184.854
3790;15.09.2020;10:06:17.000;11.801;184.854
3791;15.09.2020;10:06:18.000;11.773;184.876
3792;15.09.2020;10:06:19.000;11.803;184.929
3793;15.09.2020;10:06:20.000;11.821;184.926
3794;15.09.2020;10:06:21.000;11.782;184.927
3795;15.09.2020;10:06:22.000;11.770;184.940
3796;15.09.2020;10:06:23.000;11.784;184.950
3797;15.09.2020;10:06:24.000;11.772;184.982
3798;15.09.2020;10:06:25.000;11.757;184.956
3799;15.09.2020;10:06:26.000;11.783;184.926
3800;15.09.2020;10:06:27.000;11.819;184.913
3801;15.09.2020;10:06:28.000;11.782;184.892
3802;15.09.2020;10:06:29.000;11.805;184.951
3803;15.09.2020;10:06:30.000;11.800;184.962
3804;15.09.2020;10:06:31.000;11.772;184.964
3805;15.09.2020;10:06:32.000;11.844;184.985
3806;15.09.2020;10:06:33.000;11.813;185.035
3807;15.09.2020;10:06:34.000;11.838;185.121
3808;15.09.2020;10:06:35.000;11.769;185.111
3809;15.09.2020;10:06:36.000;11.817;185.085
3810;15.09.2020;10:06:37.000;11.816;185.065
3811;15.09.2020;10:06:38.000;11.759;185.064
3812;15.09.2020;10:06:39.000;11.821;185.113
3813;15.09.2020;10:06:40.000;11.997;185.130
3814;15.09.2020;10:06:41.000;11.917;188.374
3815;15.09.2020;10:06:42.000;11.837;188.400
3816;15.09.2020;10:06:43.000;11.865;188.422
3817;15.09.2020;10:06:44.000;11.861;188.454
3818;15.09.2020;10:06:45.000;11.823;188.438
3819;15.09.2020;10:06:46.000;11.840;188.445
3820;15.09.2020;10:06:47.000;11.824;188.441
3821;15.09.2020;10:06:48.000;11.784;188.443
3822;15.09.2020;10:06:49.000;11.783;188.488
3823;15.09.2020;10:06:50.000;11.831;188.474
3824;15.09.2020;10:06:51.000;11.820;188.407
3825;15.09.2020;10:06:52.000;11.802;188.377
3826;15.09.2020;10:06:53.000;11.860;188.377
3827;15.09.2020;10:06:54.000;11.826;188.402
3828;15.09.2020;10:06:55.000;11.834;188.354
3829;15.09.2020;10:06:56.000;11.818;188.341
3830;15.09.2020;10:06:57.000;11.894;188.329
3831;15.09.2020;10:06:58.000;11.833;188.433
3832;15.09.2020;10:06:59.000;11.863;188.481
3833;15.09.2020;10:07:00.000;11.838;188.476
3834;15.09.2020;10:07:01.000;11.829;188.457
3835;15.09.2020;10:07:02.000;11.827;188.437
3836;15.09.2020;10:07:03.000;11.858;188.483
3837;15.09.2020;10:07:04.000;11.835;188.534
3838;15.09.2020;10:07:05.000;11.833;188.541
3839;15.09.2020;10:07:06.000;11.840;188.495
3840;15.09.2020;10:07:07.000;11.886;188.484
3841;15.09.2020;10:07:08.000;11.814;188.518
3842;15.09.2020;10:07:09.000;11.856;188.486
3843;15.09.2020;10:07:10.000;11.825;188.437
3844;15.09.2020;10:07:11.000;11.800;188.364
3845;15.09.2020;10:07:12.000;11.826;188.411
3846;15.09.2020;10:07:13.000;11.858;188.403
3847;15.09.2020;10:07:14.000;11.822;188.419
3848;15.09.2020;10:07:15.000;11.779;188.385
3849;15.09.2020;10:07:16.000;11.867;188.386
3850;15.09.2020;10:07:17.000;11.830;188.400
3851;15.09.2020;10:07:18.000;11.811;188.360
3852;15.09.2020;10:07:19.000;11.805;188.383
3853;15.09.2020;10:07:20.000;11.845;188.400
3854;15.09.2020;10:07:21.000;11.780;188.377
3855;15.09.2020;10:07:22.000;11.858;188.388
3856;15.09.2020;10:07:23.000;11.844;188.392
3857;15.09.2020;10:07:24.000;11.801;188.388
3858;15.09.2020;10:07:25.000;11.837;188.357
3859;15.09.2020;10:07:26.000;11.849;188.311
3860;15.09.2020;10:07:27.000;11.859;188.317
3861;15.09.2020;10:07:28.000;11.835;188.371
3862;15.09.2020;10:07:29.000;11.887;188.379
3863;15.09.2020;10:07:30.000;11.838;188.403
3864;15.09.2020;10:07:31.000;11.783;188.360
3865;15.09.2020;10:07:32.000;11.844;188.325
3866;15.09.2020;10:07:33.000;11.849;188.346
3867;15.09.2020;10:07:34.000;11.845;188.384
3868;15.09.2020;10:07:35.000;11.802;188.453
3869;15.09.2020;10:07:36.000;11.848;188.462
3870;15.09.2020;10:07:37.000;11.870;188.462
3871;15.09.2020;10:07:38.000;11.821;188.540
3872;15.09.2020;10:07:39.000;12.550;188.529
3873;15.09.2020;10:07:40.000;14.123;188.304
3874;15.09.2020;10:07:41.000;13.959;188.267
3875;15.09.2020;10:07:42.000;13.908;188.300
3876;15.09.2020;10:07:43.000;13.578;188.351
3877;15.09.2020;10:07:44.000;13.207;188.489
3878;15.09.2020;10:07:45.000;13.138;188.449
3879;15.09.2020;10:07:46.000;13.159;188.465
3880;15.09.2020;10:07:47.000;13.137;188.564
3881;15.09.2020;10:07:48.000;13.128;188.514
3882;15.09.2020;10:07:49.000;13.139;188.515
3883;15.09.2020;10:07:50.000;13.157;188.495
3884;15.09.2020;10:07:51.000;13.081;188.478
3885;15.09.2020;10:07:52.000;13.185;188.452
3886;15.09.2020;10:07:53.000;13.153;188.470
3887;15.09.2020;10:07:54.000;13.114;188.549
3888;15.09.2020;10:07:55.000;13.108;188.543
3889;15.09.2020;10:07:56.000;13.173;188.468
3890;15.09.2020;10:07:57.000;13.133;188.470
3891;15.09.2020;10:07:58.000;13.117;188.491
3892;15.09.2020;10:07:59.000;13.158;188.487
3893;15.09.2020;10:08:00.000;13.118;188.446
3894;15.09.2020;10:08:01.000;13.089;188.419
3895;15.09.2020;10:08:02.000;13.161;188.358
3896;15.09.2020;10:08:03.000;13.181;188.350
3897;15.09.2020;10:08:04.000;13.082;188.326
3898;15.09.2020;10:08:05.000;13.158;188.416
3899;15.09.2020;10:08:06.000;13.139;188.374
3900;15.09.2020;10:08:07.000;13.102;188.368
3901;15.09.2020;10:08:08.000;13.113;188.372
3902;15.09.2020;10:08:09.000;13.144;188.415
3903;15.09.2020;10:08:10.000;13.117;188.409
3904;15.09.2020;10:08:11.000;13.089;188.361
3905;15.09.2020;10:08:12.000;13.110;188.369
3906;15.09.2020;10:08:13.000;13.170;188.424
3907;15.09.2020;10:08:14.000;13.085;188.500
3908;15.09.2020;10:08:15.000;13.111;188.464
3909;15.09.2020;10:08:16.000;13.144;188.489
3910;15.09.2020;10:08:17.000;13.067;188.467
3911;15.09.2020;10:08:18.000;13.111;188.460
3912;15.09.2020;10:08:19.000;13.141;188.556
3913;15.09.2020;10:08:20.000;13.082;188.591
3914;15.09.2020;10:08:21.000;13.067;188.560
3915;15.09.2020;10:08:22.000;13.102;188.508
3916;15.09.2020;10:08:23.000;13.145;188.514
3917;15.09.2020;10:08:24.000;13.010;188.594
3918;15.09.2020;10:08:25.000;13.075;188.581
3919;15.09.2020;10:08:26.000;13.134;188.527
3920;15.09.2020;10:08:27.000;13.075;188.502
3921;15.09.2020;10:08:28.000;13.146;188.577
3922;15.09.2020;10:08:29.000;13.142;188.623
3923;15.09.2020;10:08:30.000;13.058;188.631
3924;15.09.2020;10:08:31.000;13.068;188.632
3925;15.09.2020;10:08:32.000;13.067;188.645
3926;15.09.2020;10:08:33.000;13.066;188.746
3927;15.09.2020;10:08:34.000;13.051;188.776
3928;15.09.2020;10:08:35.000;13.093;188.755
3929;15.09.2020;10:08:36.000;13.107;188.708
3930;15.09.2020;10:08:37.000;13.016;188.733
3931;15.09.2020;10:08:38.000;13.100;188.808
3932;15.09.2020;10:08:39.000;13.077;188.817
3933;15.09.2020;10:08:40.000;12.996;188.823
3934;15.09.2020;10:08:41.000;13.023;188.760
3935;15.09.2020;10:08:42.000;13.031;188.751
3936;15.09.2020;10:08:43.000;13.046;188.851
3937;15.09.2020;10:08:44.000;12.998;188.907
3938;15.09.2020;10:08:45.000;13.076;188.886
3939;15.09.2020;10:08:46.000;13.057;188.913
3940;15.09.2020;10:08:47.000;13.011;188.910
3941;15.09.2020;10:08:48.000;13.104;188.960
3942;15.09.2020;10:08:49.000;13.100;188.992
3943;15.09.2020;10:08:50.000;13.011;188.946
3944;15.09.2020;10:08:51.000;13.055;188.861
3945;15.09.2020;10:08:52.000;13.017;188.877
3946;15.09.2020;10:08:53.000;13.045;188.806
3947;15.09.2020;10:08:54.000;13.012;188.853
3948;15.09.2020;10:08:55.000;12.556;188.879
3949;15.09.2020;10:08:56.000;11.776;188.911
3950;15.09.2020;10:08:57.000;11.728;188.926
3951;15.09.2020;10:08:58.000;11.795;188.997
3952;15.09.2020;10:08:59.000;11.765;189.082
3953;15.09.2020;10:09:00.000;11.737;189.029
3954;15.09.2020;10:09:01.000;11.752;189.010
3955;15.09.2020;10:09:02.000;11.812;188.984
3956;15.09.2020;10:09:03.000;11.792;189.033
3957;15.09.2020;10:09:04.000;11.761;189.046
3958;15.09.2020;10:09:05.000;11.766;189.035
3959;15.09.2020;10:09:06.000;11.769;189.008
3960;15.09.2020;10:09:07.000;11.748;189.012
3961;15.09.2020;10:09:08.000;11.787;189.078
3962;15.09.2020;10:09:09.000;11.797;189.087
3963;15.09.2020;10:09:10.000;11.752;189.032
3964;15.09.2020;10:09:11.000;11.787;188.973
3965;15.09.2020;10:09:12.000;11.749;188.905
3966;15.09.2020;10:09:13.000;11.777;188.942
3967;15.09.2020;10:09:14.000;11.704;188.935
3968;15.09.2020;10:09:15.000;11.765;188.879
3969;15.09.2020;10:09:16.000;11.800;188.849
3970;15.09.2020;10:09:17.000;11.710;188.797
3971;15.09.2020;10:09:18.000;11.802;188.787
3972;15.09.2020;10:09:19.000;11.782;188.840
3973;15.09.2020;10:09:20.000;11.732;188.784
3974;15.09.2020;10:09:21.000;11.775;188.710
3975;15.09.2020;10:09:22.000;11.792;188.688
3976;15.09.2020;10:09:23.000;11.778;188.705
3977;15.09.2020;10:09:24.000;11.761;188.727
3978;15.09.2020;10:09:25.000;11.790;188.685
3979;15.09.2020;10:09:26.000;11.781;188.662
3980;15.09.2020;10:09:27.000;11.719;188.661
3981;15.09.2020;10:09:28.000;11.815;188.696
3982;15.09.2020;10:09:29.000;11.768;188.762
3983;15.09.2020;10:09:30.000;11.686;188.830
3984;15.09.2020;10:09:31.000;11.773;188.808
3985;15.09.2020;10:09:32.000;11.816;188.741
3986;15.09.2020;10:09:33.000;11.729;188.762
3987;15.09.2020;10:09:34.000;11.759;188.834
3988;15.09.2020;10:09:35.000;11.769;188.900
3989;15.09.2020;10:09:36.000;11.721;188.858
3990;15.09.2020;10:09:37.000;11.692;188.854
3991;15.09.2020;10:09:38.000;11.794;188.858
3992;15.09.2020;10:09:39.000;11.789;188.895
3993;15.09.2020;10:09:40.000;11.700;188.909
3994;15.09.2020;10:09:41.000;11.761;188.857
3995;15.09.2020;10:09:42.000;11.803;188.795
3996;15.09.2020;10:09:43.000;11.725;188.378
3997;15.09.2020;10:09:44.000;11.793;188.346
3998;15.09.2020;10:09:45.000;11.758;188.369
3999;15.09.2020;10:09:46.000;11.828;188.379
4000;15.09.2020;10:09:47.000;11.731;188.373
4001;15.09.2020;10:09:48.000;11.798;188.396
4002;15.09.2020;10:09:49.000;11.808;188.427
4003;15.09.2020;10:09:50.000;11.730;188.423
4004;15.09.2020;10:09:51.000;11.817;188.400
4005;15.09.2020;10:09:52.000;11.807;188.329
4006;15.09.2020;10:09:53.000;11.803;188.297
4007;15.09.2020;10:09:54.000;11.775;188.295
4008;15.09.2020;10:09:55.000;11.819;188.314
4009;15.09.2020;10:09:56.000;11.811;188.260
4010;15.09.2020;10:09:57.000;11.761;188.237
4011;15.09.2020;10:09:58.000;11.810;188.244
4012;15.09.2020;10:09:59.000;11.805;188.265
4013;15.09.2020;10:10:00.000;11.736;188.239
4014;15.09.2020;10:10:01.000;11.826;188.208
4015;15.09.2020;10:10:02.000;11.805;188.180
4016;15.09.2020;10:10:03.000;11.769;188.198
4017;15.09.2020;10:10:04.000;11.794;188.248
4018;15.09.2020;10:10:05.000;11.804;188.266
4019;15.09.2020;10:10:06.000;11.801;188.253
4020;15.09.2020;10:10:07.000;11.769;188.207
4021;15.09.2020;10:10:08.000;11.821;188.226
4022;15.09.2020;10:10:09.000;11.793;188.234
4023;15.09.2020;10:10:10.000;11.721;188.202
4024;15.09.2020;10:10:11.000;11.797;188.168
4025;15.09.2020;10:10:12.000;11.768;188.145
4026;15.09.2020;10:10:13.000;11.730;188.208
4027;15.09.2020;10:10:14.000;11.701;188.296
4028;15.09.2020;10:10:15.000;11.754;188.329
4029;15.09.2020;10:10:16.000;11.730;188.313
4030;15.09.2020;10:10:17.000;11.700;188.354
4031;15.09.2020;10:10:18.000;11.740;188.408
4032;15.09.2020;10:10:19.000;11.733;188.421
4033;15.09.2020;10:10:20.000;11.687;188.370
4034;15.09.2020;10:10:21.000;11.734;188.380
4035;15.09.2020;10:10:22.000;11.730;188.348
4036;15.09.2020;10:10:23.000;11.734;188.383
4037;15.09.2020;10:10:24.000;11.736;188.397
4038;15.09.2020;10:10:25.000;11.749;188.384
4039;15.09.2020;10:10:26.000;11.748;188.369
4040;15.09.2020;10:10:27.000;11.713;188.356
4041;15.09.2020;10:10:28.000;11.753;188.397
4042;15.09.2020;10:10:29.000;11.727;188.368
4043;15.09.2020;10:10:30.000;11.724;188.326
4044;15.09.2020;10:10:31.000;11.715;188.351
4045;15.09.2020;10:10:32.000;11.750;188.350
4046;15.09.2020;10:10:33.000;11.683;188.435
4047;15.09.2020;10:10:34.000;11.733;188.425
4048;15.09.2020;10:10:35.000;11.715;188.399
4049;15.09.2020;10:10:36.000;11.770;188.404
4050;15.09.2020;10:10:37.000;11.733;188.438
4051;15.09.2020;10:10:38.000;11.792;188.499
4052;15.09.2020;10:10:39.000;11.725;188.495
4053;15.09.2020;10:10:40.000;11.689;188.487
4054;15.09.2020;10:10:41.000;11.743;188.455
4055;15.09.2020;10:10:42.000;11.760;188.415
4056;15.09.2020;10:10:43.000;11.718;188.454
4057;15.09.2020;10:10:44.000;11.700;188.454
4058;15.09.2020;10:10:45.000;11.715;188.427
4059;15.09.2020;10:10:46.000;11.730;188.421
4060;15.09.2020;10:10:47.000;11.686;188.435
4061;15.09.2020;10:10:48.000;11.701;188.458
4062;15.09.2020;10:10:49.000;11.726;188.477
4063;15.09.2020;10:10:50.000;11.709;188.484
4064;15.09.2020;10:10:51.000;11.749;188.487
4065;15.09.2020;10:10:52.000;11.735;188.469
4066;15.09.2020;10:10:53.000;11.744;188.514
4067;15.09.2020;10:10:54.000;11.722;188.543
4068;15.09.2020;10:10:55.000;11.735;188.543
4069;15.09.2020;10:10:56.000;11.732;188.499
4070;15.09.2020;10:10:57.000;11.688;188.487
4071;15.09.2020;10:10:58.000;11.692;188.539
4072;15.09.2020;10:10:59.000;11.746;188.537
4073;15.09.2020;10:11:00.000;11.685;188.498
4074;15.09.2020;10:11:01.000;11.705;188.479
4075;15.09.2020;10:11:02.000;11.737;188.447
4076;15.09.2020;10:11:03.000;11.708;188.502
4077;15.09.2020;10:11:04.000;11.718;188.548
4078;15.09.2020;10:11:05.000;11.753;188.542
4079;15.09.2020;10:11:06.000;11.761;188.537
4080;15.09.2020;10:11:07.000;11.684;188.471
4081;15.09.2020;10:11:08.000;11.758;188.458
4082;15.09.2020;10:11:09.000;11.778;188.498
4083;15.09.2020;10:11:10.000;11.713;188.519
4084;15.09.2020;10:11:11.000;11.726;188.498
4085;15.09.2020;10:11:12.000;11.802;188.451
4086;15.09.2020;10:11:13.000;11.744;188.519
4087;15.09.2020;10:11:14.000;11.776;188.554
4088;15.09.2020;10:11:15.000;11.740;188.527
4089;15.09.2020;10:11:16.000;11.766;188.476
4090;15.09.2020;10:11:17.000;11.715;188.481
4091;15.09.2020;10:11:18.000;11.790;188.499
4092;15.09.2020;10:11:19.000;11.785;188.568
4093;15.09.2020;10:11:20.000;11.746;188.552
4094;15.09.2020;10:11:21.000;11.740;188.517
4095;15.09.2020;10:11:22.000;11.761;188.515
4096;15.09.2020;10:11:23.000;11.761;188.506
4097;15.09.2020;10:11:24.000;11.708;188.511
4098;15.09.2020;10:11:25.000;11.773;188.501
4099;15.09.2020;10:11:26.000;11.743;188.444
4100;15.09.2020;10:11:27.000;11.667;188.489
4101;15.09.2020;10:11:28.000;11.725;188.533
4102;15.09.2020;10:11:29.000;11.735;188.542
4103;15.09.2020;10:11:30.000;11.684;188.592
4104;15.09.2020;10:11:31.000;11.748;188.564
4105;15.09.2020;10:11:32.000;11.763;188.530
4106;15.09.2020;10:11:33.000;11.763;188.570
4107;15.09.2020;10:11:34.000;11.717;188.590
4108;15.09.2020;10:11:35.000;11.742;188.613
4109;15.09.2020;10:11:36.000;11.747;188.589
4110;15.09.2020;10:11:37.000;11.712;188.574
4111;15.09.2020;10:11:38.000;11.737;188.578
4112;15.09.2020;10:11:39.000;11.754;188.644
4113;15.09.2020;10:11:40.000;11.702;188.703
4114;15.09.2020;10:11:41.000;11.740;188.634
4115;15.09.2020;10:11:42.000;11.768;188.600
4116;15.09.2020;10:11:43.000;11.737;188.634
4117;15.09.2020;10:11:44.000;11.739;188.665
4118;15.09.2020;10:11:45.000;11.726;188.641
4119;15.09.2020;10:11:46.000;11.739;188.623
4120;15.09.2020;10:11:47.000;11.679;188.595
4121;15.09.2020;10:11:48.000;11.758;188.598
4122;15.09.2020;10:11:49.000;11.776;188.476
4123;15.09.2020;10:11:50.000;11.599;188.133
4124;15.09.2020;10:11:51.000;12.115;184.601
4125;15.09.2020;10:11:52.000;11.726;185.346
4126;15.09.2020;10:11:53.000;11.712;185.486
4127;15.09.2020;10:11:54.000;11.672;185.491
4128;15.09.2020;10:11:55.000;11.744;185.433
4129;15.09.2020;10:11:56.000;11.744;185.353
4130;15.09.2020;10:11:57.000;11.707;185.336
4131;15.09.2020;10:11:58.000;11.694;185.346
4132;15.09.2020;10:11:59.000;11.718;185.307
4133;15.09.2020;10:12:00.000;11.724;185.191
4134;15.09.2020;10:12:01.000;11.700;185.144
4135;15.09.2020;10:12:02.000;11.709;185.117
4136;15.09.2020;10:12:03.000;11.725;185.156
4137;15.09.2020;10:12:04.000;11.649;185.168
4138;15.09.2020;10:12:05.000;11.727;185.096
4139;15.09.2020;10:12:06.000;11.760;185.032
4140;15.09.2020;10:12:07.000;11.692;185.030
4141;15.09.2020;10:12:08.000;11.750;185.037
4142;15.09.2020;10:12:09.000;11.733;185.018
4143;15.09.2020;10:12:10.000;11.699;184.986
4144;15.09.2020;10:12:11.000;11.662;184.985
4145;15.09.2020;10:12:12.000;11.714;185.031
4146;15.09.2020;10:12:13.000;11.688;185.064
4147;15.09.2020;10:12:14.000;11.644;185.029
4148;15.09.2020;10:12:15.000;11.693;185.014
4149;15.09.2020;10:12:16.000;11.692;185.039
4150;15.09.2020;10:12:17.000;11.698;185.056
4151;15.09.2020;10:12:18.000;11.705;185.077
4152;15.09.2020;10:12:19.000;11.713;185.121
4153;15.09.2020;10:12:20.000;11.722;185.139
4154;15.09.2020;10:12:21.000;11.670;185.086
4155;15.09.2020;10:12:22.000;11.664;185.083
4156;15.09.2020;10:12:23.000;11.715;185.074
4157;15.09.2020;10:12:24.000;11.613;185.064
4158;15.09.2020;10:12:25.000;11.691;185.046
4159;15.09.2020;10:12:26.000;11.746;185.000
4160;15.09.2020;10:12:27.000;11.662;185.024
4161;15.09.2020;10:12:28.000;11.676;184.963
4162;15.09.2020;10:12:29.000;11.670;184.975
4163;15.09.2020;10:12:30.000;11.687;185.002
4164;15.09.2020;10:12:31.000;11.628;184.981
4165;15.09.2020;10:12:32.000;11.689;185.015
4166;15.09.2020;10:12:33.000;11.698;185.034
4167;15.09.2020;10:12:34.000;11.726;184.993
4168;15.09.2020;10:12:35.000;11.732;184.956
4169;15.09.2020;10:12:36.000;11.737;184.933
4170;15.09.2020;10:12:37.000;11.688;184.951
4171;15.09.2020;10:12:38.000;11.703;184.983
4172;15.09.2020;10:12:39.000;11.706;185.024
4173;15.09.2020;10:12:40.000;11.749;185.023
4174;15.09.2020;10:12:41.000;12.765;184.825
4175;15.09.2020;10:12:42.000;13.877;184.658
4176;15.09.2020;10:12:43.000;13.846;184.766
4177;15.09.2020;10:12:44.000;13.602;184.743
4178;15.09.2020;10:12:45.000;13.338;184.730
4179;15.09.2020;10:12:46.000;13.101;184.764
4180;15.09.2020;10:12:47.000;12.980;184.733
4181;15.09.2020;10:12:48.000;12.931;184.749
4182;15.09.2020;10:12:49.000;13.003;184.794
4183;15.09.2020;10:12:50.000;12.990;184.782
4184;15.09.2020;10:12:51.000;12.971;184.763
4185;15.09.2020;10:12:52.000;12.987;184.719
4186;15.09.2020;10:12:53.000;13.008;184.748
4187;15.09.2020;10:12:54.000;12.937;184.746
4188;15.09.2020;10:12:55.000;12.969;184.739
4189;15.09.2020;10:12:56.000;12.990;184.739
4190;15.09.2020;10:12:57.000;12.953;184.662
4191;15.09.2020;10:12:58.000;12.938;184.350
4192;15.09.2020;10:12:59.000;12.975;184.402
4193;15.09.2020;10:13:00.000;13.000;184.434
4194;15.09.2020;10:13:01.000;12.908;184.391
4195;15.09.2020;10:13:02.000;12.950;184.364
4196;15.09.2020;10:13:03.000;13.054;184.358
4197;15.09.2020;10:13:04.000;12.970;184.346
4198;15.09.2020;10:13:05.000;13.024;184.331
4199;15.09.2020;10:13:06.000;13.012;184.359
4200;15.09.2020;10:13:07.000;13.053;184.335
4201;15.09.2020;10:13:08.000;12.939;184.299
4202;15.09.2020;10:13:09.000;13.007;184.332
4203;15.09.2020;10:13:10.000;13.017;184.319
4204;15.09.2020;10:13:11.000;12.908;184.266
4205;15.09.2020;10:13:12.000;12.966;184.295
4206;15.09.2020;10:13:13.000;12.977;184.349
4207;15.09.2020;10:13:14.000;12.988;184.310
4208;15.09.2020;10:13:15.000;12.925;184.370
4209;15.09.2020;10:13:16.000;12.957;184.327
4210;15.09.2020;10:13:17.000;12.998;184.307
4211;15.09.2020;10:13:18.000;12.932;184.361
4212;15.09.2020;10:13:19.000;12.949;184.394
4213;15.09.2020;10:13:20.000;13.021;184.392
4214;15.09.2020;10:13:21.000;12.925;184.364
4215;15.09.2020;10:13:22.000;12.942;184.249
4216;15.09.2020;10:13:23.000;12.955;184.258
4217;15.09.2020;10:13:24.000;12.990;184.266
4218;15.09.2020;10:13:25.000;12.931;184.259
4219;15.09.2020;10:13:26.000;13.020;184.269
4220;15.09.2020;10:13:27.000;13.026;184.254
4221;15.09.2020;10:13:28.000;13.005;184.292
4222;15.09.2020;10:13:29.000;13.280;187.670
4223;15.09.2020;10:13:30.000;13.059;187.661
4224;15.09.2020;10:13:31.000;12.997;187.623
4225;15.09.2020;10:13:32.000;13.033;187.610
4226;15.09.2020;10:13:33.000;13.056;187.658
4227;15.09.2020;10:13:34.000;13.021;187.664
4228;15.09.2020;10:13:35.000;12.973;187.700
4229;15.09.2020;10:13:36.000;13.034;187.631
4230;15.09.2020;10:13:37.000;13.022;187.646
4231;15.09.2020;10:13:38.000;12.975;187.645
4232;15.09.2020;10:13:39.000;12.992;187.606
4233;15.09.2020;10:13:40.000;13.062;187.592
4234;15.09.2020;10:13:41.000;12.983;187.599
4235;15.09.2020;10:13:42.000;13.009;187.653
4236;15.09.2020;10:13:43.000;13.031;187.640
4237;15.09.2020;10:13:44.000;13.045;187.622
4238;15.09.2020;10:13:45.000;13.036;187.613
4239;15.09.2020;10:13:46.000;13.048;187.633
4240;15.09.2020;10:13:47.000;13.029;187.644
4241;15.09.2020;10:13:48.000;12.989;187.656
4242;15.09.2020;10:13:49.000;13.034;187.658
4243;15.09.2020;10:13:50.000;13.065;187.646
4244;15.09.2020;10:13:51.000;13.011;187.604
4245;15.09.2020;10:13:52.000;13.014;187.549
4246;15.09.2020;10:13:53.000;13.085;187.576
4247;15.09.2020;10:13:54.000;13.045;187.610
4248;15.09.2020;10:13:55.000;12.966;187.608
4249;15.09.2020;10:13:56.000;13.044;187.615
4250;15.09.2020;10:13:57.000;13.016;187.611
4251;15.09.2020;10:13:58.000;12.355;187.705
4252;15.09.2020;10:13:59.000;11.738;187.792
4253;15.09.2020;10:14:00.000;11.764;187.749
4254;15.09.2020;10:14:01.000;11.714;187.736
4255;15.09.2020;10:14:02.000;11.718;187.713
4256;15.09.2020;10:14:03.000;11.774;187.692
4257;15.09.2020;10:14:04.000;11.782;187.714
4258;15.09.2020;10:14:05.000;11.706;187.722
4259;15.09.2020;10:14:06.000;11.762;187.683
4260;15.09.2020;10:14:07.000;11.782;187.669
4261;15.09.2020;10:14:08.000;11.701;187.657
4262;15.09.2020;10:14:09.000;11.768;187.654
4263;15.09.2020;10:14:10.000;11.780;187.641
4264;15.09.2020;10:14:11.000;11.727;187.625
4265;15.09.2020;10:14:12.000;11.767;187.584
4266;15.09.2020;10:14:13.000;11.771;187.626
4267;15.09.2020;10:14:14.000;11.759;187.660
4268;15.09.2020;10:14:15.000;11.701;187.593
4269;15.09.2020;10:14:16.000;11.768;187.556
4270;15.09.2020;10:14:17.000;11.754;187.565
4271;15.09.2020;10:14:18.000;11.695;187.588
4272;15.09.2020;10:14:19.000;11.725;187.604
4273;15.09.2020;10:14:20.000;11.780;187.553
4274;15.09.2020;10:14:21.000;11.723;187.557
4275;15.09.2020;10:14:22.000;11.750;187.539
4276;15.09.2020;10:14:23.000;11.754;187.525
4277;15.09.2020;10:14:24.000;11.771;187.597
4278;15.09.2020;10:14:25.000;11.711;187.534
4279;15.09.2020;10:14:26.000;11.781;187.534
4280;15.09.2020;10:14:27.000;11.758;187.532
4281;15.09.2020;10:14:28.000;11.689;187.581
4282;15.09.2020;10:14:29.000;11.752;187.659
4283;15.09.2020;10:14:30.000;11.746;187.749
4284;15.09.2020;10:14:31.000;11.723;187.715
4285;15.09.2020;10:14:32.000;11.719;187.668
4286;15.09.2020;10:14:33.000;11.776;187.625
4287;15.09.2020;10:14:34.000;11.751;187.662
4288;15.09.2020;10:14:35.000;11.683;187.648
4289;15.09.2020;10:14:36.000;11.763;187.601
4290;15.09.2020;10:14:37.000;11.773;187.607
4291;15.09.2020;10:14:38.000;11.702;187.613
4292;15.09.2020;10:14:39.000;11.749;187.656
4293;15.09.2020;10:14:40.000;11.747;187.721
4294;15.09.2020;10:14:41.000;11.738;187.719
4295;15.09.2020;10:14:42.000;11.737;187.716
4296;15.09.2020;10:14:43.000;11.757;187.723
4297;15.09.2020;10:14:44.000;11.758;187.715
4298;15.09.2020;10:14:45.000;11.714;187.706
4299;15.09.2020;10:14:46.000;11.760;187.754
4300;15.09.2020;10:14:47.000;11.735;187.732
4301;15.09.2020;10:14:48.000;11.733;187.766
4302;15.09.2020;10:14:49.000;11.686;187.771
4303;15.09.2020;10:14:50.000;11.765;187.749
4304;15.09.2020;10:14:51.000;11.719;187.738
4305;15.09.2020;10:14:52.000;11.741;187.687
4306;15.09.2020;10:14:53.000;11.755;187.704
4307;15.09.2020;10:14:54.000;11.745;187.712
4308;15.09.2020;10:14:55.000;11.692;187.716
4309;15.09.2020;10:14:56.000;11.740;187.701
4310;15.09.2020;10:14:57.000;11.757;187.662
4311;15.09.2020;10:14:58.000;11.674;187.773
4312;15.09.2020;10:14:59.000;11.724;187.790
4313;15.09.2020;10:15:00.000;11.713;187.790
4314;15.09.2020;10:15:01.000;11.698;187.797
4315;15.09.2020;10:15:02.000;11.713;187.806
4316;15.09.2020;10:15:03.000;11.743;187.807
4317;15.09.2020;10:15:04.000;11.702;187.806
4318;15.09.2020;10:15:05.000;11.649;187.870
4319;15.09.2020;10:15:06.000;11.731;187.840
4320;15.09.2020;10:15:07.000;11.695;187.838
4321;15.09.2020;10:15:08.000;11.674;187.866
4322;15.09.2020;10:15:09.000;11.692;187.922
4323;15.09.2020;10:15:10.000;11.700;187.893
4324;15.09.2020;10:15:11.000;11.665;187.848
4325;15.09.2020;10:15:12.000;11.716;187.818
4326;15.09.2020;10:15:13.000;11.693;187.845
4327;15.09.2020;10:15:14.000;11.706;187.855
4328;15.09.2020;10:15:15.000;11.655;187.820
4329;15.09.2020;10:15:16.000;11.700;187.819
4330;15.09.2020;10:15:17.000;11.743;187.798
4331;15.09.2020;10:15:18.000;11.659;187.819
4332;15.09.2020;10:15:19.000;11.692;187.810
4333;15.09.2020;10:15:20.000;11.725;187.768
4334;15.09.2020;10:15:21.000;11.698;187.740
4335;15.09.2020;10:15:22.000;11.713;187.767
4336;15.09.2020;10:15:23.000;11.708;187.752
4337;15.09.2020;10:15:24.000;11.731;187.710
4338;15.09.2020;10:15:25.000;11.698;187.673
4339;15.09.2020;10:15:26.000;11.717;187.659
4340;15.09.2020;10:15:27.000;11.762;187.663
4341;15.09.2020;10:15:28.000;11.716;187.671
4342;15.09.2020;10:15:29.000;11.688;187.660
4343;15.09.2020;10:15:30.000;11.759;187.615
4344;15.09.2020;10:15:31.000;11.701;187.635
4345;15.09.2020;10:15:32.000;11.710;187.593
4346;15.09.2020;10:15:33.000;11.761;187.596
4347;15.09.2020;10:15:34.000;12.399;186.664
4348;15.09.2020;10:15:35.000;12.662;186.183
4349;15.09.2020;10:15:36.000;12.232;186.548
4350;15.09.2020;10:15:37.000;12.221;186.595
4351;15.09.2020;10:15:38.000;12.141;186.620
4352;15.09.2020;10:15:39.000;12.192;186.654
4353;15.09.2020;10:15:40.000;12.192;186.620
4354;15.09.2020;10:15:41.000;12.124;186.628
4355;15.09.2020;10:15:42.000;12.111;186.639
4356;15.09.2020;10:15:43.000;12.167;186.657
4357;15.09.2020;10:15:44.000;12.154;186.662
4358;15.09.2020;10:15:45.000;12.123;186.674
4359;15.09.2020;10:15:46.000;12.159;186.700
4360;15.09.2020;10:15:47.000;12.181;186.733
4361;15.09.2020;10:15:48.000;12.129;186.743
4362;15.09.2020;10:15:49.000;12.168;186.799
4363;15.09.2020;10:15:50.000;12.216;186.763
4364;15.09.2020;10:15:51.000;12.110;186.744
4365;15.09.2020;10:15:52.000;12.150;186.779
4366;15.09.2020;10:15:53.000;12.139;186.848
4367;15.09.2020;10:15:54.000;12.150;186.840
4368;15.09.2020;10:15:55.000;12.083;186.829
4369;15.09.2020;10:15:56.000;12.025;187.379
4370;15.09.2020;10:15:57.000;11.768;187.815
4371;15.09.2020;10:15:58.000;11.736;187.873
4372;15.09.2020;10:15:59.000;11.739;187.898
4373;15.09.2020;10:16:00.000;11.769;187.860
4374;15.09.2020;10:16:01.000;11.771;187.825
4375;15.09.2020;10:16:02.000;11.714;187.792
4376;15.09.2020;10:16:03.000;11.784;187.854
4377;15.09.2020;10:16:04.000;11.804;187.902
4378;15.09.2020;10:16:05.000;11.696;187.860
4379;15.09.2020;10:16:06.000;11.774;187.821
4380;15.09.2020;10:16:07.000;11.800;187.817
4381;15.09.2020;10:16:08.000;11.743;187.809
4382;15.09.2020;10:16:09.000;11.742;187.843
4383;15.09.2020;10:16:10.000;11.783;187.865
4384;15.09.2020;10:16:11.000;11.770;187.854
4385;15.09.2020;10:16:12.000;11.726;187.845
4386;15.09.2020;10:16:13.000;11.801;187.867
4387;15.09.2020;10:16:14.000;11.778;187.852
4388;15.09.2020;10:16:15.000;11.715;187.867
4389;15.09.2020;10:16:16.000;11.768;187.800
4390;15.09.2020;10:16:17.000;11.783;187.811
4391;15.09.2020;10:16:18.000;11.759;187.838
4392;15.09.2020;10:16:19.000;11.745;187.809
4393;15.09.2020;10:16:20.000;11.751;187.809
4394;15.09.2020;10:16:21.000;11.780;187.833
4395;15.09.2020;10:16:22.000;11.709;187.829
4396;15.09.2020;10:16:23.000;11.755;187.828
4397;15.09.2020;10:16:24.000;11.798;187.768
4398;15.09.2020;10:16:25.000;11.732;187.792
4399;15.09.2020;10:16:26.000;11.738;187.751
4400;15.09.2020;10:16:27.000;11.775;187.672
4401;15.09.2020;10:16:28.000;11.761;187.681
4402;15.09.2020;10:16:29.000;11.731;187.628
4403;15.09.2020;10:16:30.000;11.816;187.628
4404;15.09.2020;10:16:31.000;11.803;187.717
4405;15.09.2020;10:16:32.000;11.727;187.717
4406;15.09.2020;10:16:33.000;11.788;187.743
4407;15.09.2020;10:16:34.000;11.794;187.730
4408;15.09.2020;10:16:35.000;11.753;187.770
4409;15.09.2020;10:16:36.000;11.773;187.782
4410;15.09.2020;10:16:37.000;11.795;187.799
4411;15.09.2020;10:16:38.000;11.789;187.829
4412;15.09.2020;10:16:39.000;11.734;187.873
4413;15.09.2020;10:16:40.000;11.790;187.810
4414;15.09.2020;10:16:41.000;11.751;187.690
4415;15.09.2020;10:16:42.000;11.727;187.640
4416;15.09.2020;10:16:43.000;11.768;187.668
4417;15.09.2020;10:16:44.000;11.794;187.657
4418;15.09.2020;10:16:45.000;11.727;187.653
4419;15.09.2020;10:16:46.000;11.742;187.648
4420;15.09.2020;10:16:47.000;11.743;187.657
4421;15.09.2020;10:16:48.000;11.781;187.709
4422;15.09.2020;10:16:49.000;11.720;187.750
4423;15.09.2020;10:16:50.000;11.714;187.747
4424;15.09.2020;10:16:51.000;11.768;187.732
4425;15.09.2020;10:16:52.000;11.699;187.687
4426;15.09.2020;10:16:53.000;11.771;187.744
4427;15.09.2020;10:16:54.000;11.724;187.720
4428;15.09.2020;10:16:55.000;11.706;187.730
4429;15.09.2020;10:16:56.000;11.723;187.750
4430;15.09.2020;10:16:57.000;11.779;187.720
4431;15.09.2020;10:16:58.000;11.698;187.757
4432;15.09.2020;10:16:59.000;11.685;187.792
4433;15.09.2020;10:17:00.000;11.716;187.771
4434;15.09.2020;10:17:01.000;11.746;187.762
4435;15.09.2020;10:17:02.000;11.683;187.740
4436;15.09.2020;10:17:03.000;11.740;187.786
4437;15.09.2020;10:17:04.000;11.739;187.791
4438;15.09.2020;10:17:05.000;11.700;187.779
4439;15.09.2020;10:17:06.000;11.697;187.770
4440;15.09.2020;10:17:07.000;11.749;187.766
4441;15.09.2020;10:17:08.000;11.705;187.827
4442;15.09.2020;10:17:09.000;11.661;187.841
4443;15.09.2020;10:17:10.000;11.758;187.811
4444;15.09.2020;10:17:11.000;11.714;187.836
4445;15.09.2020;10:17:12.000;11.682;187.851
4446;15.09.2020;10:17:13.000;11.724;187.840
4447;15.09.2020;10:17:14.000;11.715;187.849
4448;15.09.2020;10:17:15.000;11.710;187.833
4449;15.09.2020;10:17:16.000;11.677;187.832
4450;15.09.2020;10:17:17.000;11.738;187.843
4451;15.09.2020;10:17:18.000;11.744;187.903
4452;15.09.2020;10:17:19.000;11.699;187.924
4453;15.09.2020;10:17:20.000;11.730;187.878
4454;15.09.2020;10:17:21.000;11.751;187.869
4455;15.09.2020;10:17:22.000;11.727;187.888
4456;15.09.2020;10:17:23.000;11.702;187.893
4457;15.09.2020;10:17:24.000;11.771;187.858
4458;15.09.2020;10:17:25.000;11.760;187.836
4459;15.09.2020;10:17:26.000;11.696;187.912
4460;15.09.2020;10:17:27.000;11.763;187.925
4461;15.09.2020;10:17:28.000;11.756;187.945
4462;15.09.2020;10:17:29.000;11.715;187.919
4463;15.09.2020;10:17:30.000;11.746;187.899
4464;15.09.2020;10:17:31.000;11.758;187.871
4465;15.09.2020;10:17:32.000;11.716;187.868
4466;15.09.2020;10:17:33.000;11.725;187.913
4467;15.09.2020;10:17:34.000;11.781;187.923
4468;15.09.2020;10:17:35.000;11.737;187.902
4469;15.09.2020;10:17:36.000;11.710;187.875
4470;15.09.2020;10:17:37.000;11.747;187.885
4471;15.09.2020;10:17:38.000;11.761;187.963
4472;15.09.2020;10:17:39.000;11.690;187.946
4473;15.09.2020;10:17:40.000;11.683;187.928
4474;15.09.2020;10:17:41.000;11.898;187.910
4475;15.09.2020;10:17:42.000;13.967;187.605
4476;15.09.2020;10:17:43.000;13.895;187.650
4477;15.09.2020;10:17:44.000;13.775;187.702
4478;15.09.2020;10:17:45.000;13.545;187.656
4479;15.09.2020;10:17:46.000;13.129;187.678
4480;15.09.2020;10:17:47.000;13.069;187.630
4481;15.09.2020;10:17:48.000;13.036;187.654
4482;15.09.2020;10:17:49.000;13.008;187.690
4483;15.09.2020;10:17:50.000;12.982;187.667
4484;15.09.2020;10:17:51.000;13.042;187.639
4485;15.09.2020;10:17:52.000;12.993;187.607
4486;15.09.2020;10:17:53.000;13.018;187.633
4487;15.09.2020;10:17:54.000;13.025;187.647
4488;15.09.2020;10:17:55.000;13.040;187.612
4489;15.09.2020;10:17:56.000;12.959;187.632
4490;15.09.2020;10:17:57.000;12.987;187.590
4491;15.09.2020;10:17:58.000;13.028;187.578
4492;15.09.2020;10:17:59.000;13.000;187.654
4493;15.09.2020;10:18:00.000;12.996;187.648
4494;15.09.2020;10:18:01.000;13.059;187.564
4495;15.09.2020;10:18:02.000;13.078;187.507
4496;15.09.2020;10:18:03.000;12.990;187.517
4497;15.09.2020;10:18:04.000;13.054;187.521
4498;15.09.2020;10:18:05.000;13.047;187.519
4499;15.09.2020;10:18:06.000;12.990;187.495
4500;15.09.2020;10:18:07.000;12.994;187.483
4501;15.09.2020;10:18:08.000;13.052;187.470
4502;15.09.2020;10:18:09.000;13.021;187.458
4503;15.09.2020;10:18:10.000;13.010;187.489
4504;15.09.2020;10:18:11.000;13.032;187.419
4505;15.09.2020;10:18:12.000;13.062;187.359
4506;15.09.2020;10:18:13.000;12.968;187.418
4507;15.09.2020;10:18:14.000;13.036;187.456
4508;15.09.2020;10:18:15.000;13.066;187.461
4509;15.09.2020;10:18:16.000;13.039;187.427
4510;15.09.2020;10:18:17.000;13.036;187.454
4511;15.09.2020;10:18:18.000;13.085;187.468
4512;15.09.2020;10:18:19.000;13.035;187.463
4513;15.09.2020;10:18:20.000;13.015;187.453
4514;15.09.2020;10:18:21.000;13.042;187.502
4515;15.09.2020;10:18:22.000;13.090;187.495
4516;15.09.2020;10:18:23.000;12.963;187.528
4517;15.09.2020;10:18:24.000;13.036;187.576
4518;15.09.2020;10:18:25.000;13.031;187.577
4519;15.09.2020;10:18:26.000;13.008;187.561
4520;15.09.2020;10:18:27.000;13.013;187.479
4521;15.09.2020;10:18:28.000;13.023;187.497
4522;15.09.2020;10:18:29.000;13.033;187.519
4523;15.09.2020;10:18:30.000;12.990;187.499
4524;15.09.2020;10:18:31.000;13.030;187.509
4525;15.09.2020;10:18:32.000;13.037;187.513
4526;15.09.2020;10:18:33.000;12.989;187.594
4527;15.09.2020;10:18:34.000;12.995;187.596
4528;15.09.2020;10:18:35.000;13.027;187.569
4529;15.09.2020;10:18:36.000;13.038;187.529
4530;15.09.2020;10:18:37.000;12.995;187.515
4531;15.09.2020;10:18:38.000;12.596;186.528
4532;15.09.2020;10:18:39.000;13.767;184.019
4533;15.09.2020;10:18:40.000;12.913;184.359
4534;15.09.2020;10:18:41.000;13.041;184.377
4535;15.09.2020;10:18:42.000;13.062;184.374
4536;15.09.2020;10:18:43.000;12.978;184.377
4537;15.09.2020;10:18:44.000;12.914;184.363
4538;15.09.2020;10:18:45.000;12.992;184.299
4539;15.09.2020;10:18:46.000;12.928;184.275
4540;15.09.2020;10:18:47.000;12.943;184.225
4541;15.09.2020;10:18:48.000;12.948;184.275
4542;15.09.2020;10:18:49.000;13.028;184.261
4543;15.09.2020;10:18:50.000;12.922;184.215
4544;15.09.2020;10:18:51.000;12.955;184.231
4545;15.09.2020;10:18:52.000;13.025;184.183
4546;15.09.2020;10:18:53.000;12.972;184.222
4547;15.09.2020;10:18:54.000;12.975;184.153
4548;15.09.2020;10:18:55.000;12.743;184.149
4549;15.09.2020;10:18:56.000;11.776;184.234
4550;15.09.2020;10:18:57.000;11.704;184.262
4551;15.09.2020;10:18:58.000;11.736;184.292
4552;15.09.2020;10:18:59.000;11.728;184.307
4553;15.09.2020;10:19:00.000;11.758;184.281
4554;15.09.2020;10:19:01.000;11.698;184.222
4555;15.09.2020;10:19:02.000;11.711;184.219
4556;15.09.2020;10:19:03.000;11.754;184.224
4557;15.09.2020;10:19:04.000;11.754;184.179
4558;15.09.2020;10:19:05.000;11.802;184.145
4559;15.09.2020;10:19:06.000;11.812;184.097
4560;15.09.2020;10:19:07.000;11.695;184.096
4561;15.09.2020;10:19:08.000;11.720;184.151
4562;15.09.2020;10:19:09.000;11.738;184.184
4563;15.09.2020;10:19:10.000;11.701;184.138
4564;15.09.2020;10:19:11.000;11.669;184.079
4565;15.09.2020;10:19:12.000;11.788;184.084
4566;15.09.2020;10:19:13.000;11.799;184.154
4567;15.09.2020;10:19:14.000;11.646;184.163
4568;15.09.2020;10:19:15.000;11.752;184.156
4569;15.09.2020;10:19:16.000;11.719;184.130
4570;15.09.2020;10:19:17.000;11.699;184.095
4571;15.09.2020;10:19:18.000;11.680;184.163
4572;15.09.2020;10:19:19.000;11.738;184.139
4573;15.09.2020;10:19:20.000;11.777;184.137
4574;15.09.2020;10:19:21.000;11.676;184.141
4575;15.09.2020;10:19:22.000;11.752;184.103
4576;15.09.2020;10:19:23.000;11.723;184.176
4577;15.09.2020;10:19:24.000;11.666;184.146
4578;15.09.2020;10:19:25.000;11.713;184.056
4579;15.09.2020;10:19:26.000;11.691;184.010
4580;15.09.2020;10:19:27.000;11.755;184.027
4581;15.09.2020;10:19:28.000;11.707;184.062
4582;15.09.2020;10:19:29.000;11.733;184.057
4583;15.09.2020;10:19:30.000;11.770;184.013
4584;15.09.2020;10:19:31.000;11.671;184.014
4585;15.09.2020;10:19:32.000;11.772;183.958
4586;15.09.2020;10:19:33.000;11.747;183.901
4587;15.09.2020;10:19:34.000;11.758;183.943
4588;15.09.2020;10:19:35.000;11.718;183.939
4589;15.09.2020;10:19:36.000;11.775;183.935
4590;15.09.2020;10:19:37.000;11.720;183.965
4591;15.09.2020;10:19:38.000;11.718;184.021
4592;15.09.2020;10:19:39.000;11.775;184.047
4593;15.09.2020;10:19:40.000;11.801;183.987
4594;15.09.2020;10:19:41.000;11.713;184.028
4595;15.09.2020;10:19:42.000;11.780;184.055
4596;15.09.2020;10:19:43.000;11.780;184.033
4597;15.09.2020;10:19:44.000;11.721;184.073
4598;15.09.2020;10:19:45.000;11.725;184.075
4599;15.09.2020;10:19:46.000;11.748;184.058
4600;15.09.2020;10:19:47.000;11.752;184.047
4601;15.09.2020;10:19:48.000;11.708;184.063
4602;15.09.2020;10:19:49.000;11.740;184.082
4603;15.09.2020;10:19:50.000;11.774;184.058
4604;15.09.2020;10:19:51.000;11.674;184.035
4605;15.09.2020;10:19:52.000;11.774;184.003
4606;15.09.2020;10:19:53.000;11.742;184.024
4607;15.09.2020;10:19:54.000;11.785;184.023
4608;15.09.2020;10:19:55.000;11.718;184.062
4609;15.09.2020;10:19:56.000;11.729;184.054
4610;15.09.2020;10:19:57.000;11.757;184.004
4611;15.09.2020;10:19:58.000;11.692;184.007
4612;15.09.2020;10:19:59.000;11.774;184.023
4613;15.09.2020;10:20:00.000;11.770;184.052
4614;15.09.2020;10:20:01.000;11.717;184.088
4615;15.09.2020;10:20:02.000;11.768;184.065
4616;15.09.2020;10:20:03.000;11.836;184.102
4617;15.09.2020;10:20:04.000;11.786;184.127
4618;15.09.2020;10:20:05.000;11.764;184.172
4619;15.09.2020;10:20:06.000;11.780;184.156
4620;15.09.2020;10:20:07.000;11.766;184.151
4621;15.09.2020;10:20:08.000;11.715;184.132
4622;15.09.2020;10:20:09.000;11.757;184.146
4623;15.09.2020;10:20:10.000;11.762;184.145
4624;15.09.2020;10:20:11.000;11.779;184.114
4625;15.09.2020;10:20:12.000;11.756;184.104
4626;15.09.2020;10:20:13.000;11.755;184.091
4627;15.09.2020;10:20:14.000;11.828;184.096
4628;15.09.2020;10:20:15.000;11.682;184.095
4629;15.09.2020;10:20:16.000;11.777;184.013
4630;15.09.2020;10:20:17.000;12.112;187.236
4631;15.09.2020;10:20:18.000;11.754;187.492
4632;15.09.2020;10:20:19.000;11.835;187.560
4633;15.09.2020;10:20:20.000;11.839;187.579
4634;15.09.2020;10:20:21.000;11.808;187.561
4635;15.09.2020;10:20:22.000;11.791;187.590
4636;15.09.2020;10:20:23.000;11.755;187.668
4637;15.09.2020;10:20:24.000;11.820;187.651
4638;15.09.2020;10:20:25.000;11.779;187.593
4639;15.09.2020;10:20:26.000;11.831;187.525
4640;15.09.2020;10:20:27.000;11.850;187.467
4641;15.09.2020;10:20:28.000;11.827;187.559
4642;15.09.2020;10:20:29.000;11.784;187.564
4643;15.09.2020;10:20:30.000;11.820;187.530
4644;15.09.2020;10:20:31.000;11.828;187.494
4645;15.09.2020;10:20:32.000;11.751;187.498
4646;15.09.2020;10:20:33.000;11.817;187.522
4647;15.09.2020;10:20:34.000;11.800;187.519
4648;15.09.2020;10:20:35.000;11.763;187.493
4649;15.09.2020;10:20:36.000;11.760;187.473
4650;15.09.2020;10:20:37.000;11.801;187.483
4651;15.09.2020;10:20:38.000;11.731;187.514
4652;15.09.2020;10:20:39.000;11.756;187.472
4653;15.09.2020;10:20:40.000;11.756;187.462
4654;15.09.2020;10:20:41.000;11.823;187.424
4655;15.09.2020;10:20:42.000;11.768;187.428
4656;15.09.2020;10:20:43.000;11.803;187.465
4657;15.09.2020;10:20:44.000;11.814;187.453
4658;15.09.2020;10:20:45.000;11.755;187.419
4659;15.09.2020;10:20:46.000;11.804;187.379
4660;15.09.2020;10:20:47.000;11.833;187.410
4661;15.09.2020;10:20:48.000;11.773;187.429
4662;15.09.2020;10:20:49.000;11.727;187.474
4663;15.09.2020;10:20:50.000;11.749;187.462
4664;15.09.2020;10:20:51.000;11.784;187.485
4665;15.09.2020;10:20:52.000;11.717;187.483
4666;15.09.2020;10:20:53.000;11.771;187.516
4667;15.09.2020;10:20:54.000;11.820;187.518
4668;15.09.2020;10:20:55.000;11.779;187.504
4669;15.09.2020;10:20:56.000;11.778;187.438
4670;15.09.2020;10:20:57.000;11.768;187.456
4671;15.09.2020;10:20:58.000;11.763;187.547
4672;15.09.2020;10:20:59.000;11.767;187.554
4673;15.09.2020;10:21:00.000;11.765;187.535
4674;15.09.2020;10:21:01.000;11.776;187.520
4675;15.09.2020;10:21:02.000;11.727;187.507
4676;15.09.2020;10:21:03.000;11.782;187.573
4677;15.09.2020;10:21:04.000;11.768;187.570
4678;15.09.2020;10:21:05.000;11.732;187.548
4679;15.09.2020;10:21:06.000;11.723;187.566
4680;15.09.2020;10:21:07.000;11.772;187.552
4681;15.09.2020;10:21:08.000;11.794;187.617
4682;15.09.2020;10:21:09.000;11.688;187.639
4683;15.09.2020;10:21:10.000;11.800;187.646
4684;15.09.2020;10:21:11.000;11.759;187.658
4685;15.09.2020;10:21:12.000;11.742;187.653
4686;15.09.2020;10:21:13.000;11.749;187.718
4687;15.09.2020;10:21:14.000;11.738;187.753
4688;15.09.2020;10:21:15.000;11.738;187.713
4689;15.09.2020;10:21:16.000;11.716;187.700
4690;15.09.2020;10:21:17.000;11.750;187.692
4691;15.09.2020;10:21:18.000;11.762;187.681
4692;15.09.2020;10:21:19.000;11.670;187.736
4693;15.09.2020;10:21:20.000;11.780;187.729
4694;15.09.2020;10:21:21.000;11.741;187.713
4695;15.09.2020;10:21:22.000;11.709;187.697
4696;15.09.2020;10:21:23.000;11.733;187.710
4697;15.09.2020;10:21:24.000;11.785;187.729
4698;15.09.2020;10:21:25.000;11.730;187.715
4699;15.09.2020;10:21:26.000;11.719;187.693
4700;15.09.2020;10:21:27.000;11.752;187.594
4701;15.09.2020;10:21:28.000;11.764;187.589
4702;15.09.2020;10:21:29.000;11.679;187.665
4703;15.09.2020;10:21:30.000;11.739;187.611
4704;15.09.2020;10:21:31.000;11.800;187.592
4705;15.09.2020;10:21:32.000;11.713;187.638
4706;15.09.2020;10:21:33.000;11.744;187.636
4707;15.09.2020;10:21:34.000;11.727;187.664
4708;15.09.2020;10:21:35.000;11.749;187.610
4709;15.09.2020;10:21:36.000;11.710;187.576
4710;15.09.2020;10:21:37.000;11.759;187.557
4711;15.09.2020;10:21:38.000;11.750;187.528
4712;15.09.2020;10:21:39.000;11.694;187.545
4713;15.09.2020;10:21:40.000;11.717;187.503
4714;15.09.2020;10:21:41.000;11.721;187.460
4715;15.09.2020;10:21:42.000;11.735;187.413
4716;15.09.2020;10:21:43.000;11.674;187.422
4717;15.09.2020;10:21:44.000;11.766;187.370
4718;15.09.2020;10:21:45.000;11.795;187.351
4719;15.09.2020;10:21:46.000;11.718;187.381
4720;15.09.2020;10:21:47.000;11.749;187.350
4721;15.09.2020;10:21:48.000;11.794;187.319
4722;15.09.2020;10:21:49.000;11.744;187.359
4723;15.09.2020;10:21:50.000;11.771;187.347
4724;15.09.2020;10:21:51.000;11.775;187.301
4725;15.09.2020;10:21:52.000;11.792;187.296
4726;15.09.2020;10:21:53.000;11.739;187.352
4727;15.09.2020;10:21:54.000;11.794;187.343
4728;15.09.2020;10:21:55.000;11.790;187.342
4729;15.09.2020;10:21:56.000;11.727;187.357
4730;15.09.2020;10:21:57.000;11.795;187.344
4731;15.09.2020;10:21:58.000;11.817;187.378
4732;15.09.2020;10:21:59.000;11.710;187.437
4733;15.09.2020;10:22:00.000;11.765;187.449
4734;15.09.2020;10:22:01.000;11.801;187.420
4735;15.09.2020;10:22:02.000;11.734;187.398
4736;15.09.2020;10:22:03.000;11.755;187.409
4737;15.09.2020;10:22:04.000;11.759;187.431
4738;15.09.2020;10:22:05.000;11.782;187.462
4739;15.09.2020;10:22:06.000;11.737;187.455
4740;15.09.2020;10:22:07.000;11.759;187.476
4741;15.09.2020;10:22:08.000;11.765;187.490
4742;15.09.2020;10:22:09.000;11.722;187.538
4743;15.09.2020;10:22:10.000;11.737;187.548
4744;15.09.2020;10:22:11.000;11.750;187.571
4745;15.09.2020;10:22:12.000;11.754;187.547
4746;15.09.2020;10:22:13.000;11.713;187.565
4747;15.09.2020;10:22:14.000;11.764;187.628
4748;15.09.2020;10:22:15.000;11.787;187.624
4749;15.09.2020;10:22:16.000;11.718;187.592
4750;15.09.2020;10:22:17.000;11.772;187.606
4751;15.09.2020;10:22:18.000;11.737;187.641
4752;15.09.2020;10:22:19.000;11.736;187.718
4753;15.09.2020;10:22:20.000;11.706;187.704
4754;15.09.2020;10:22:21.000;11.753;187.685
4755;15.09.2020;10:22:22.000;11.784;187.648
4756;15.09.2020;10:22:23.000;11.723;187.605
4757;15.09.2020;10:22:24.000;11.760;187.592
4758;15.09.2020;10:22:25.000;11.788;187.593
4759;15.09.2020;10:22:26.000;11.724;187.597
4760;15.09.2020;10:22:27.000;11.749;187.573
4761;15.09.2020;10:22:28.000;11.788;187.585
4762;15.09.2020;10:22:29.000;11.713;187.618
4763;15.09.2020;10:22:30.000;11.721;187.576
4764;15.09.2020;10:22:31.000;11.767;187.544
4765;15.09.2020;10:22:32.000;11.804;187.528
4766;15.09.2020;10:22:33.000;11.749;187.527
4767;15.09.2020;10:22:34.000;11.747;187.546
4768;15.09.2020;10:22:35.000;11.787;187.565
4769;15.09.2020;10:22:36.000;11.721;187.477
4770;15.09.2020;10:22:37.000;11.776;187.498
4771;15.09.2020;10:22:38.000;11.786;187.554
4772;15.09.2020;10:22:39.000;11.746;187.531
4773;15.09.2020;10:22:40.000;11.748;187.506
4774;15.09.2020;10:22:41.000;11.786;187.487
4775;15.09.2020;10:22:42.000;12.717;187.348
4776;15.09.2020;10:22:43.000;13.978;187.250
4777;15.09.2020;10:22:44.000;13.936;187.229
4778;15.09.2020;10:22:45.000;13.751;187.191
4779;15.09.2020;10:22:46.000;13.412;187.165
4780;15.09.2020;10:22:47.000;13.166;187.204
4781;15.09.2020;10:22:48.000;13.041;187.253
4782;15.09.2020;10:22:49.000;13.017;187.251
4783;15.09.2020;10:22:50.000;12.983;187.221
4784;15.09.2020;10:22:51.000;13.048;187.165
4785;15.09.2020;10:22:52.000;13.064;187.198
4786;15.09.2020;10:22:53.000;13.001;187.274
4787;15.09.2020;10:22:54.000;13.026;187.215
4788;15.09.2020;10:22:55.000;13.058;187.162
4789;15.09.2020;10:22:56.000;13.030;187.123
4790;15.09.2020;10:22:57.000;13.037;187.146
4791;15.09.2020;10:22:58.000;13.049;187.206
4792;15.09.2020;10:22:59.000;13.038;187.202
4793;15.09.2020;10:23:00.000;12.948;187.185
4794;15.09.2020;10:23:01.000;13.014;187.164
4795;15.09.2020;10:23:02.000;13.028;187.154
4796;15.09.2020;10:23:03.000;13.020;187.164
4797;15.09.2020;10:23:04.000;12.993;187.181
4798;15.09.2020;10:23:05.000;13.030;187.171
4799;15.09.2020;10:23:06.000;13.028;187.129
4800;15.09.2020;10:23:07.000;12.991;187.155
4801;15.09.2020;10:23:08.000;13.021;187.190
4802;15.09.2020;10:23:09.000;13.034;187.128
4803;15.09.2020;10:23:10.000;12.944;187.164
4804;15.09.2020;10:23:11.000;13.050;187.134
4805;15.09.2020;10:23:12.000;13.048;187.152
4806;15.09.2020;10:23:13.000;12.987;187.195
4807;15.09.2020;10:23:14.000;13.009;187.163
4808;15.09.2020;10:23:15.000;13.022;187.140
4809;15.09.2020;10:23:16.000;13.040;187.114
4810;15.09.2020;10:23:17.000;12.977;187.128
4811;15.09.2020;10:23:18.000;13.059;187.201
4812;15.09.2020;10:23:19.000;13.040;187.184
4813;15.09.2020;10:23:20.000;12.996;187.180
4814;15.09.2020;10:23:21.000;13.068;187.128
4815;15.09.2020;10:23:22.000;13.049;187.117
4816;15.09.2020;10:23:23.000;12.994;187.169
4817;15.09.2020;10:23:24.000;12.978;187.196
4818;15.09.2020;10:23:25.000;13.020;187.013
4819;15.09.2020;10:23:26.000;13.020;186.937
4820;15.09.2020;10:23:27.000;12.977;186.935
4821;15.09.2020;10:23:28.000;13.055;187.057
4822;15.09.2020;10:23:29.000;13.026;187.113
4823;15.09.2020;10:23:30.000;12.993;187.110
4824;15.09.2020;10:23:31.000;12.977;187.085
4825;15.09.2020;10:23:32.000;13.023;187.074
4826;15.09.2020;10:23:33.000;13.025;187.099
4827;15.09.2020;10:23:34.000;13.000;187.130
4828;15.09.2020;10:23:35.000;13.023;187.094
4829;15.09.2020;10:23:36.000;13.028;187.077
4830;15.09.2020;10:23:37.000;12.937;187.065
4831;15.09.2020;10:23:38.000;13.084;187.075
4832;15.09.2020;10:23:39.000;13.043;187.120
4833;15.09.2020;10:23:40.000;13.057;187.095
4834;15.09.2020;10:23:41.000;12.992;187.093
4835;15.09.2020;10:23:42.000;13.047;187.107
4836;15.09.2020;10:23:43.000;13.045;187.207
4837;15.09.2020;10:23:44.000;12.989;187.233
4838;15.09.2020;10:23:45.000;13.031;187.184
4839;15.09.2020;10:23:46.000;13.054;187.164
4840;15.09.2020;10:23:47.000;12.986;187.164
4841;15.09.2020;10:23:48.000;13.038;187.193
4842;15.09.2020;10:23:49.000;13.023;187.243
4843;15.09.2020;10:23:50.000;13.044;187.155
4844;15.09.2020;10:23:51.000;13.011;187.146
4845;15.09.2020;10:23:52.000;13.067;187.150
4846;15.09.2020;10:23:53.000;13.070;187.144
4847;15.09.2020;10:23:54.000;13.011;187.154
4848;15.09.2020;10:23:55.000;13.049;187.154
4849;15.09.2020;10:23:56.000;13.068;187.113
4850;15.09.2020;10:23:57.000;13.032;187.059
4851;15.09.2020;10:23:58.000;12.176;187.222
4852;15.09.2020;10:23:59.000;11.788;187.322
4853;15.09.2020;10:24:00.000;11.802;187.264
4854;15.09.2020;10:24:01.000;11.746;187.218
4855;15.09.2020;10:24:02.000;11.803;187.206
4856;15.09.2020;10:24:03.000;11.807;187.223
4857;15.09.2020;10:24:04.000;11.739;187.284
4858;15.09.2020;10:24:05.000;11.774;187.276
4859;15.09.2020;10:24:06.000;11.794;187.243
4860;15.09.2020;10:24:07.000;11.778;187.216
4861;15.09.2020;10:24:08.000;11.737;187.206
4862;15.09.2020;10:24:09.000;11.787;187.255
4863;15.09.2020;10:24:10.000;11.845;187.262
4864;15.09.2020;10:24:11.000;11.734;187.203
4865;15.09.2020;10:24:12.000;11.807;187.206
4866;15.09.2020;10:24:13.000;11.809;187.279
4867;15.09.2020;10:24:14.000;11.758;187.288
4868;15.09.2020;10:24:15.000;11.739;187.269
4869;15.09.2020;10:24:16.000;11.784;187.177
4870;15.09.2020;10:24:17.000;11.780;187.144
4871;15.09.2020;10:24:18.000;11.743;187.225
4872;15.09.2020;10:24:19.000;11.791;187.214
4873;15.09.2020;10:24:20.000;11.793;187.207
4874;15.09.2020;10:24:21.000;11.715;187.201
4875;15.09.2020;10:24:22.000;11.754;187.198
4876;15.09.2020;10:24:23.000;11.776;187.292
4877;15.09.2020;10:24:24.000;11.763;187.251
4878;15.09.2020;10:24:25.000;11.744;187.241
4879;15.09.2020;10:24:26.000;11.798;187.211
4880;15.09.2020;10:24:27.000;11.816;187.202
4881;15.09.2020;10:24:28.000;11.711;187.260
4882;15.09.2020;10:24:29.000;11.766;187.253
4883;15.09.2020;10:24:30.000;11.771;187.266
4884;15.09.2020;10:24:31.000;11.730;187.257
4885;15.09.2020;10:24:32.000;11.754;187.290
4886;15.09.2020;10:24:33.000;11.781;187.280
4887;15.09.2020;10:24:34.000;11.824;187.245
4888;15.09.2020;10:24:35.000;11.764;187.251
4889;15.09.2020;10:24:36.000;11.834;187.197
4890;15.09.2020;10:24:37.000;11.869;187.234
4891;15.09.2020;10:24:38.000;11.737;187.261
4892;15.09.2020;10:24:39.000;11.802;187.255
4893;15.09.2020;10:24:40.000;11.767;187.198
4894;15.09.2020;10:24:41.000;11.775;187.146
4895;15.09.2020;10:24:42.000;11.768;187.082
4896;15.09.2020;10:24:43.000;11.800;187.052
4897;15.09.2020;10:24:44.000;11.798;187.025
4898;15.09.2020;10:24:45.000;11.744;187.009
4899;15.09.2020;10:24:46.000;11.833;187.055
4900;15.09.2020;10:24:47.000;11.822;187.021
4901;15.09.2020;10:24:48.000;11.760;187.077
4902;15.09.2020;10:24:49.000;11.768;187.070
4903;15.09.2020;10:24:50.000;11.820;187.126
4904;15.09.2020;10:24:51.000;11.792;187.103
4905;15.09.2020;10:24:52.000;11.745;187.120
4906;15.09.2020;10:24:53.000;11.857;187.184
4907;15.09.2020;10:24:54.000;11.839;187.153
4908;15.09.2020;10:24:55.000;11.750;187.089
4909;15.09.2020;10:24:56.000;11.827;187.051
4910;15.09.2020;10:24:57.000;11.864;187.080
4911;15.09.2020;10:24:58.000;11.843;187.159
4912;15.09.2020;10:24:59.000;11.768;187.139
4913;15.09.2020;10:25:00.000;11.870;187.114
4914;15.09.2020;10:25:01.000;11.837;187.014
4915;15.09.2020;10:25:02.000;11.783;186.947
4916;15.09.2020;10:25:03.000;11.844;187.057
4917;15.09.2020;10:25:04.000;11.829;187.069
4918;15.09.2020;10:25:05.000;11.803;187.087
4919;15.09.2020;10:25:06.000;11.836;187.095
4920;15.09.2020;10:25:07.000;11.853;187.121
4921;15.09.2020;10:25:08.000;11.893;187.200
4922;15.09.2020;10:25:09.000;11.809;187.210
4923;15.09.2020;10:25:10.000;11.880;187.216
4924;15.09.2020;10:25:11.000;11.823;187.177
4925;15.09.2020;10:25:12.000;11.814;187.154
4926;15.09.2020;10:25:13.000;11.901;187.306
4927;15.09.2020;10:25:14.000;11.856;187.352
4928;15.09.2020;10:25:15.000;11.835;187.377
4929;15.09.2020;10:25:16.000;11.815;187.358
4930;15.09.2020;10:25:17.000;11.890;187.361
4931;15.09.2020;10:25:18.000;11.883;187.388
4932;15.09.2020;10:25:19.000;11.781;187.383
4933;15.09.2020;10:25:20.000;11.894;187.293
4934;15.09.2020;10:25:21.000;11.845;187.315
4935;15.09.2020;10:25:22.000;11.837;187.372
4936;15.09.2020;10:25:23.000;11.593;186.352
4937;15.09.2020;10:25:24.000;12.280;184.267
4938;15.09.2020;10:25:25.000;11.801;184.273
4939;15.09.2020;10:25:26.000;11.712;184.257
4940;15.09.2020;10:25:27.000;11.776;184.220
4941;15.09.2020;10:25:28.000;11.793;184.238
4942;15.09.2020;10:25:29.000;11.802;184.269
4943;15.09.2020;10:25:30.000;11.799;184.236
4944;15.09.2020;10:25:31.000;11.780;184.182
4945;15.09.2020;10:25:32.000;11.794;184.166
4946;15.09.2020;10:25:33.000;11.739;184.134
4947;15.09.2020;10:25:34.000;11.799;184.147
4948;15.09.2020;10:25:35.000;11.770;184.178
4949;15.09.2020;10:25:36.000;11.747;184.165
4950;15.09.2020;10:25:37.000;11.779;184.144
4951;15.09.2020;10:25:38.000;11.746;184.128
4952;15.09.2020;10:25:39.000;11.743;184.150
4953;15.09.2020;10:25:40.000;11.761;184.156
4954;15.09.2020;10:25:41.000;11.775;184.118
4955;15.09.2020;10:25:42.000;11.784;184.056
4956;15.09.2020;10:25:43.000;11.680;184.104
4957;15.09.2020;10:25:44.000;11.771;184.128
4958;15.09.2020;10:25:45.000;11.790;184.134
4959;15.09.2020;10:25:46.000;11.703;184.066
4960;15.09.2020;10:25:47.000;11.727;184.003
4961;15.09.2020;10:25:48.000;11.824;184.070
4962;15.09.2020;10:25:49.000;11.760;184.108
4963;15.09.2020;10:25:50.000;11.704;184.095
4964;15.09.2020;10:25:51.000;11.763;184.100
4965;15.09.2020;10:25:52.000;11.772;184.050
4966;15.09.2020;10:25:53.000;11.743;184.088
4967;15.09.2020;10:25:54.000;11.742;184.083
4968;15.09.2020;10:25:55.000;11.745;184.125
4969;15.09.2020;10:25:56.000;11.739;183.984
4970;15.09.2020;10:25:57.000;11.784;183.958
4971;15.09.2020;10:25:58.000;11.783;184.025
4972;15.09.2020;10:25:59.000;11.773;184.035
4973;15.09.2020;10:26:00.000;11.667;183.927
4974;15.09.2020;10:26:01.000;11.747;183.858
4975;15.09.2020;10:26:02.000;11.764;183.806
4976;15.09.2020;10:26:03.000;11.776;183.816
4977;15.09.2020;10:26:04.000;11.755;183.832
4978;15.09.2020;10:26:05.000;11.800;183.817
4979;15.09.2020;10:26:06.000;11.776;183.781
4980;15.09.2020;10:26:07.000;11.745;183.787
4981;15.09.2020;10:26:08.000;11.783;183.877
4982;15.09.2020;10:26:09.000;11.792;183.893
4983;15.09.2020;10:26:10.000;11.749;183.875
4984;15.09.2020;10:26:11.000;11.721;183.819
4985;15.09.2020;10:26:12.000;11.797;183.759
4986;15.09.2020;10:26:13.000;11.850;183.825
4987;15.09.2020;10:26:14.000;11.706;183.807
4988;15.09.2020;10:26:15.000;11.773;183.800
4989;15.09.2020;10:26:16.000;11.802;183.704
4990;15.09.2020;10:26:17.000;11.731;183.727
4991;15.09.2020;10:26:18.000;11.764;183.812
4992;15.09.2020;10:26:19.000;11.762;183.778
4993;15.09.2020;10:26:20.000;11.783;183.766
4994;15.09.2020;10:26:21.000;11.782;183.723
4995;15.09.2020;10:26:22.000;11.815;183.664
4996;15.09.2020;10:26:23.000;11.818;183.700
4997;15.09.2020;10:26:24.000;11.788;183.706
4998;15.09.2020;10:26:25.000;11.803;183.678
4999;15.09.2020;10:26:26.000;11.826;183.626
5000;15.09.2020;10:26:27.000;11.819;183.611
5001;15.09.2020;10:26:28.000;11.810;183.659
5002;15.09.2020;10:26:29.000;11.795;183.652
5003;15.09.2020;10:26:30.000;11.808;183.655
5004;15.09.2020;10:26:31.000;11.747;183.621
5005;15.09.2020;10:26:32.000;11.769;183.617
5006;15.09.2020;10:26:33.000;11.799;184.014
5007;15.09.2020;10:26:34.000;11.684;184.251
5008;15.09.2020;10:26:35.000;11.704;184.219
5009;15.09.2020;10:26:36.000;11.730;184.217
5010;15.09.2020;10:26:37.000;11.745;184.256
5011;15.09.2020;10:26:38.000;11.707;184.298
5012;15.09.2020;10:26:39.000;11.732;184.308
5013;15.09.2020;10:26:40.000;11.817;184.317
5014;15.09.2020;10:26:41.000;11.665;184.301
5015;15.09.2020;10:26:42.000;11.772;184.290
5016;15.09.2020;10:26:43.000;11.755;184.311
5017;15.09.2020;10:26:44.000;11.703;184.282
5018;15.09.2020;10:26:45.000;11.699;184.277
5019;15.09.2020;10:26:46.000;11.753;184.273
5020;15.09.2020;10:26:47.000;11.767;184.240
5021;15.09.2020;10:26:48.000;11.728;184.284
5022;15.09.2020;10:26:49.000;11.735;184.283
5023;15.09.2020;10:26:50.000;11.745;184.250
5024;15.09.2020;10:26:51.000;11.694;184.238
5025;15.09.2020;10:26:52.000;11.685;184.186
5026;15.09.2020;10:26:53.000;11.731;184.232
5027;15.09.2020;10:26:54.000;11.719;184.241
5028;15.09.2020;10:26:55.000;11.671;184.217
5029;15.09.2020;10:26:56.000;11.725;184.217
5030;15.09.2020;10:26:57.000;11.746;184.226
5031;15.09.2020;10:26:58.000;11.658;184.290
5032;15.09.2020;10:26:59.000;11.760;184.288
5033;15.09.2020;10:27:00.000;11.744;184.244
5034;15.09.2020;10:27:01.000;11.701;184.146
5035;15.09.2020;10:27:02.000;11.968;184.616
5036;15.09.2020;10:27:03.000;11.745;187.496
5037;15.09.2020;10:27:04.000;11.740;187.494
5038;15.09.2020;10:27:05.000;11.700;187.439
5039;15.09.2020;10:27:06.000;11.751;187.404
5040;15.09.2020;10:27:07.000;11.753;187.395
5041;15.09.2020;10:27:08.000;11.748;187.442
5042;15.09.2020;10:27:09.000;11.727;187.423
5043;15.09.2020;10:27:10.000;11.744;187.419
5044;15.09.2020;10:27:11.000;11.786;187.391
5045;15.09.2020;10:27:12.000;11.698;187.376
5046;15.09.2020;10:27:13.000;11.758;187.361
5047;15.09.2020;10:27:14.000;11.775;187.408
5048;15.09.2020;10:27:15.000;11.755;187.474
5049;15.09.2020;10:27:16.000;11.747;187.436
5050;15.09.2020;10:27:17.000;11.774;187.418
5051;15.09.2020;10:27:18.000;11.762;187.442
5052;15.09.2020;10:27:19.000;11.714;187.513
5053;15.09.2020;10:27:20.000;11.737;187.478
5054;15.09.2020;10:27:21.000;11.750;187.459
5055;15.09.2020;10:27:22.000;11.731;187.442
5056;15.09.2020;10:27:23.000;11.680;187.451
5057;15.09.2020;10:27:24.000;11.740;187.482
5058;15.09.2020;10:27:25.000;11.685;187.455
5059;15.09.2020;10:27:26.000;11.658;187.374
5060;15.09.2020;10:27:27.000;11.709;187.320
5061;15.09.2020;10:27:28.000;11.753;187.308
5062;15.09.2020;10:27:29.000;11.658;187.309
5063;15.09.2020;10:27:30.000;11.740;187.255
5064;15.09.2020;10:27:31.000;11.780;187.256
5065;15.09.2020;10:27:32.000;11.704;187.279
5066;15.09.2020;10:27:33.000;11.748;187.337
5067;15.09.2020;10:27:34.000;11.745;187.427
5068;15.09.2020;10:27:35.000;11.760;187.405
5069;15.09.2020;10:27:36.000;11.715;187.349
5070;15.09.2020;10:27:37.000;11.752;187.318
5071;15.09.2020;10:27:38.000;11.776;187.386
5072;15.09.2020;10:27:39.000;11.707;187.414
5073;15.09.2020;10:27:40.000;11.777;187.391
5074;15.09.2020;10:27:41.000;11.753;187.408
5075;15.09.2020;10:27:42.000;11.757;187.424
5076;15.09.2020;10:27:43.000;11.744;187.500
5077;15.09.2020;10:27:44.000;11.766;187.524
5078;15.09.2020;10:27:45.000;11.739;187.525
5079;15.09.2020;10:27:46.000;11.727;187.466
5080;15.09.2020;10:27:47.000;12.286;187.377
5081;15.09.2020;10:27:48.000;14.016;187.107
5082;15.09.2020;10:27:49.000;13.848;187.132
5083;15.09.2020;10:27:50.000;13.772;187.142
5084;15.09.2020;10:27:51.000;13.486;187.215
5085;15.09.2020;10:27:52.000;13.178;187.340
5086;15.09.2020;10:27:53.000;13.035;187.435
5087;15.09.2020;10:27:54.000;13.013;187.482
5088;15.09.2020;10:27:55.000;13.049;187.420
5089;15.09.2020;10:27:56.000;12.990;187.427
5090;15.09.2020;10:27:57.000;13.038;187.385
5091;15.09.2020;10:27:58.000;13.033;187.404
5092;15.09.2020;10:27:59.000;13.028;187.396
5093;15.09.2020;10:28:00.000;13.009;187.391
5094;15.09.2020;10:28:01.000;13.049;187.365
5095;15.09.2020;10:28:02.000;13.051;187.423
5096;15.09.2020;10:28:03.000;13.000;187.511
5097;15.09.2020;10:28:04.000;13.036;187.520
5098;15.09.2020;10:28:05.000;13.068;187.486
5099;15.09.2020;10:28:06.000;12.997;187.476
5100;15.09.2020;10:28:07.000;13.034;187.496
5101;15.09.2020;10:28:08.000;13.031;187.532
5102;15.09.2020;10:28:09.000;13.020;187.540
5103;15.09.2020;10:28:10.000;12.989;187.542
5104;15.09.2020;10:28:11.000;13.026;187.510
5105;15.09.2020;10:28:12.000;13.049;187.492
5106;15.09.2020;10:28:13.000;12.987;187.531
5107;15.09.2020;10:28:14.000;13.032;187.569
5108;15.09.2020;10:28:15.000;13.062;187.576
5109;15.09.2020;10:28:16.000;13.006;187.595
5110;15.09.2020;10:28:17.000;13.018;187.568
5111;15.09.2020;10:28:18.000;13.056;187.603
5112;15.09.2020;10:28:19.000;13.051;187.618
5113;15.09.2020;10:28:20.000;12.958;187.604
5114;15.09.2020;10:28:21.000;13.047;187.571
5115;15.09.2020;10:28:22.000;13.087;187.579
5116;15.09.2020;10:28:23.000;12.949;187.677
5117;15.09.2020;10:28:24.000;13.012;187.669
5118;15.09.2020;10:28:25.000;13.039;187.628
5119;15.09.2020;10:28:26.000;13.005;187.593
5120;15.09.2020;10:28:27.000;13.009;187.584
5121;15.09.2020;10:28:28.000;13.012;187.626
5122;15.09.2020;10:28:29.000;13.045;187.537
5123;15.09.2020;10:28:30.000;12.972;187.500
5124;15.09.2020;10:28:31.000;13.013;187.435
5125;15.09.2020;10:28:32.000;13.031;187.380
5126;15.09.2020;10:28:33.000;12.982;187.447
5127;15.09.2020;10:28:34.000;13.002;187.448
5128;15.09.2020;10:28:35.000;13.025;187.415
5129;15.09.2020;10:28:36.000;13.016;187.405
5130;15.09.2020;10:28:37.000;12.986;187.453
5131;15.09.2020;10:28:38.000;12.988;187.485
5132;15.09.2020;10:28:39.000;13.007;187.459
5133;15.09.2020;10:28:40.000;12.961;187.480
5134;15.09.2020;10:28:41.000;12.984;187.468
5135;15.09.2020;10:28:42.000;12.982;187.459
5136;15.09.2020;10:28:43.000;12.967;187.505
5137;15.09.2020;10:28:44.000;12.991;187.441
5138;15.09.2020;10:28:45.000;13.025;187.400
5139;15.09.2020;10:28:46.000;13.013;187.341
5140;15.09.2020;10:28:47.000;12.974;187.297
5141;15.09.2020;10:28:48.000;13.012;187.336
5142;15.09.2020;10:28:49.000;13.018;187.346
5143;15.09.2020;10:28:50.000;12.971;187.369
5144;15.09.2020;10:28:51.000;13.000;187.319
5145;15.09.2020;10:28:52.000;13.031;187.280
5146;15.09.2020;10:28:53.000;13.011;187.349
5147;15.09.2020;10:28:54.000;12.981;187.346
5148;15.09.2020;10:28:55.000;12.997;187.306
5149;15.09.2020;10:28:56.000;13.036;187.250
5150;15.09.2020;10:28:57.000;12.943;187.230
5151;15.09.2020;10:28:58.000;13.040;187.294
5152;15.09.2020;10:28:59.000;12.993;187.300
5153;15.09.2020;10:29:00.000;12.977;187.295
5154;15.09.2020;10:29:01.000;12.981;187.266
5155;15.09.2020;10:29:02.000;13.013;187.291
5156;15.09.2020;10:29:03.000;13.016;187.348
5157;15.09.2020;10:29:04.000;12.343;187.467
5158;15.09.2020;10:29:05.000;11.708;187.542
5159;15.09.2020;10:29:06.000;11.722;187.504
5160;15.09.2020;10:29:07.000;11.685;187.501
5161;15.09.2020;10:29:08.000;11.703;187.536
5162;15.09.2020;10:29:09.000;11.717;187.577
5163;15.09.2020;10:29:10.000;11.720;187.577
5164;15.09.2020;10:29:11.000;11.665;187.542
5165;15.09.2020;10:29:12.000;11.759;187.479
5166;15.09.2020;10:29:13.000;11.772;187.500
5167;15.09.2020;10:29:14.000;11.668;187.498
5168;15.09.2020;10:29:15.000;11.745;187.439
5169;15.09.2020;10:29:16.000;11.752;187.458
5170;15.09.2020;10:29:17.000;11.698;187.503
5171;15.09.2020;10:29:18.000;11.703;187.446
5172;15.09.2020;10:29:19.000;11.761;187.464
5173;15.09.2020;10:29:20.000;11.744;187.449
5174;15.09.2020;10:29:21.000;11.681;187.415
5175;15.09.2020;10:29:22.000;11.713;187.398
5176;15.09.2020;10:29:23.000;11.722;187.420
5177;15.09.2020;10:29:24.000;11.650;187.394
5178;15.09.2020;10:29:25.000;11.711;187.332
5179;15.09.2020;10:29:26.000;11.704;187.377
5180;15.09.2020;10:29:27.000;11.689;187.421
5181;15.09.2020;10:29:28.000;11.666;187.476
5182;15.09.2020;10:29:29.000;11.726;187.485
5183;15.09.2020;10:29:30.000;11.688;187.488
5184;15.09.2020;10:29:31.000;11.637;187.447
5185;15.09.2020;10:29:32.000;11.705;187.402
5186;15.09.2020;10:29:33.000;11.726;187.397
5187;15.09.2020;10:29:34.000;11.665;187.457
5188;15.09.2020;10:29:35.000;11.680;187.464
5189;15.09.2020;10:29:36.000;11.693;187.465
5190;15.09.2020;10:29:37.000;11.735;187.422
5191;15.09.2020;10:29:38.000;11.674;187.424
5192;15.09.2020;10:29:39.000;11.689;187.507
5193;15.09.2020;10:29:40.000;11.732;187.563
5194;15.09.2020;10:29:41.000;11.634;187.557
5195;15.09.2020;10:29:42.000;11.664;187.537
5196;15.09.2020;10:29:43.000;11.695;187.588
5197;15.09.2020;10:29:44.000;11.682;187.578
5198;15.09.2020;10:29:45.000;11.626;187.572
5199;15.09.2020;10:29:46.000;11.697;187.547
5200;15.09.2020;10:29:47.000;11.731;187.462
5201;15.09.2020;10:29:48.000;11.628;187.460
5202;15.09.2020;10:29:49.000;11.694;187.468
5203;15.09.2020;10:29:50.000;11.694;187.437
5204;15.09.2020;10:29:51.000;11.672;187.347
5205;15.09.2020;10:29:52.000;11.699;187.245
5206;15.09.2020;10:29:53.000;11.722;187.310
5207;15.09.2020;10:29:54.000;11.713;187.389
5208;15.09.2020;10:29:55.000;11.623;187.388
5209;15.09.2020;10:29:56.000;11.719;187.338
5210;15.09.2020;10:29:57.000;11.685;187.296
5211;15.09.2020;10:29:58.000;11.654;187.332
5212;15.09.2020;10:29:59.000;11.679;187.358
5213;15.09.2020;10:30:00.000;11.707;187.323
5214;15.09.2020;10:30:01.000;11.684;187.321
5215;15.09.2020;10:30:02.000;11.681;187.283
5216;15.09.2020;10:30:03.000;11.696;187.334
5217;15.09.2020;10:30:04.000;11.698;187.393
5218;15.09.2020;10:30:05.000;11.629;187.383
5219;15.09.2020;10:30:06.000;11.688;187.339
5220;15.09.2020;10:30:07.000;11.707;187.321
5221;15.09.2020;10:30:08.000;11.673;187.339
5222;15.09.2020;10:30:09.000;11.679;187.401
5223;15.09.2020;10:30:10.000;11.711;187.416
5224;15.09.2020;10:30:11.000;11.683;187.385
5225;15.09.2020;10:30:12.000;11.650;187.319
5226;15.09.2020;10:30:13.000;11.739;187.368
5227;15.09.2020;10:30:14.000;11.714;187.396
5228;15.09.2020;10:30:15.000;11.653;187.366
5229;15.09.2020;10:30:16.000;11.685;187.328
5230;15.09.2020;10:30:17.000;11.723;187.350
5231;15.09.2020;10:30:18.000;11.688;187.341
5232;15.09.2020;10:30:19.000;11.668;187.372
5233;15.09.2020;10:30:20.000;11.720;187.329
5234;15.09.2020;10:30:21.000;11.702;187.313
5235;15.09.2020;10:30:22.000;11.639;187.339
5236;15.09.2020;10:30:23.000;11.714;187.282
5237;15.09.2020;10:30:24.000;11.715;187.388
5238;15.09.2020;10:30:25.000;11.690;187.424
5239;15.09.2020;10:30:26.000;11.701;187.424
5240;15.09.2020;10:30:27.000;11.677;187.387
5241;15.09.2020;10:30:28.000;11.679;187.430
5242;15.09.2020;10:30:29.000;11.661;187.444
5243;15.09.2020;10:30:30.000;11.675;187.417
5244;15.09.2020;10:30:31.000;11.720;187.398
5245;15.09.2020;10:30:32.000;11.631;187.367
5246;15.09.2020;10:30:33.000;11.559;187.374
5247;15.09.2020;10:30:34.000;8.288;187.581
5248;15.09.2020;10:30:35.000;1.626;187.840
5249;15.09.2020;10:30:36.000;1.433;187.814
5250;15.09.2020;10:30:37.000;0.982;187.850
5251;15.09.2020;10:30:38.000;0.025;187.954
5252;15.09.2020;10:30:39.000;0.025;187.984
5253;15.09.2020;10:30:40.000;0.025;187.956
5254;15.09.2020;10:30:41.000;0.026;187.943
5255;15.09.2020;10:30:42.000;0.026;187.935
5256;15.09.2020;10:30:43.000;0.025;187.923
5257;15.09.2020;10:30:44.000;0.026;187.961
5258;15.09.2020;10:30:45.000;0.025;187.969
5259;15.09.2020;10:30:46.000;0.026;187.949
5260;15.09.2020;10:30:47.000;0.025;187.909
5261;15.09.2020;10:30:48.000;0.025;187.932
5262;15.09.2020;10:30:49.000;0.026;187.925
5263;15.09.2020;10:30:50.000;0.025;187.890
5264;15.09.2020;10:30:51.000;0.026;187.896
5265;15.09.2020;10:30:52.000;0.026;187.871
5266;15.09.2020;10:30:53.000;0.026;187.900
5267;15.09.2020;10:30:54.000;0.025;187.917
5268;15.09.2020;10:30:55.000;0.026;187.929
5269;15.09.2020;10:30:56.000;0.025;187.910
5270;15.09.2020;10:30:57.000;0.025;187.864
5271;15.09.2020;10:30:58.000;0.025;187.929
5272;15.09.2020;10:30:59.000;0.025;187.925
5273;15.09.2020;10:31:00.000;0.025;187.870
5274;15.09.2020;10:31:01.000;0.026;187.849
5275;15.09.2020;10:31:02.000;0.026;187.833
5276;15.09.2020;10:31:03.000;0.026;187.886
5277;15.09.2020;10:31:04.000;0.026;187.936
5278;15.09.2020;10:31:05.000;0.025;187.909
5279;15.09.2020;10:31:06.000;0.025;187.845
5280;15.09.2020;10:31:07.000;0.025;187.805
5281;15.09.2020;10:31:08.000;0.026;187.864
5282;15.09.2020;10:31:09.000;0.025;187.876
5283;15.09.2020;10:31:10.000;0.026;187.818
5284;15.09.2020;10:31:11.000;0.025;187.855
5285;15.09.2020;10:31:12.000;0.026;187.859
5286;15.09.2020;10:31:13.000;0.026;187.908
5287;15.09.2020;10:31:14.000;0.025;187.893
5288;15.09.2020;10:31:15.000;0.025;187.884
5289;15.09.2020;10:31:16.000;0.026;187.817
5290;15.09.2020;10:31:17.000;0.025;187.834
5291;15.09.2020;10:31:18.000;0.026;187.883
5292;15.09.2020;10:31:19.000;0.026;187.880
5293;15.09.2020;10:31:20.000;0.026;187.860
5294;15.09.2020;10:31:21.000;0.026;187.873
5295;15.09.2020;10:31:22.000;0.026;187.824
5296;15.09.2020;10:31:23.000;0.025;187.822
5297;15.09.2020;10:31:24.000;0.025;187.851
5298;15.09.2020;10:31:25.000;0.026;187.839
5299;15.09.2020;10:31:26.000;0.026;187.831
5300;15.09.2020;10:31:27.000;0.025;187.834
5301;15.09.2020;10:31:28.000;0.025;187.886
5302;15.09.2020;10:31:29.000;0.026;187.870
5303;15.09.2020;10:31:30.000;0.026;187.834
5304;15.09.2020;10:31:31.000;0.026;187.786
5305;15.09.2020;10:31:32.000;0.025;187.707
5306;15.09.2020;10:31:33.000;0.026;187.753
5307;15.09.2020;10:31:34.000;0.026;187.795
5308;15.09.2020;10:31:35.000;0.025;187.768
5309;15.09.2020;10:31:36.000;0.025;187.796
5310;15.09.2020;10:31:37.000;0.026;187.860
5311;15.09.2020;10:31:38.000;0.025;187.842
5312;15.09.2020;10:31:39.000;0.026;187.841
5313;15.09.2020;10:31:40.000;0.026;187.864
5314;15.09.2020;10:31:41.000;0.025;187.853
5315;15.09.2020;10:31:42.000;0.026;187.790
5316;15.09.2020;10:31:43.000;0.025;187.825
5317;15.09.2020;10:31:44.000;0.025;187.913
5318;15.09.2020;10:31:45.000;0.026;187.928
5319;15.09.2020;10:31:46.000;0.025;187.916
5320;15.09.2020;10:31:47.000;0.025;187.932
5321;15.09.2020;10:31:48.000;0.025;187.984
5322;15.09.2020;10:31:49.000;0.025;188.019
5323;15.09.2020;10:31:50.000;0.025;187.980
5324;15.09.2020;10:31:51.000;0.026;187.974
5325;15.09.2020;10:31:52.000;0.026;187.918
5326;15.09.2020;10:31:53.000;0.026;187.912
5327;15.09.2020;10:31:54.000;0.025;187.950
5328;15.09.2020;10:31:55.000;0.025;187.917
5329;15.09.2020;10:31:56.000;0.025;187.850
5330;15.09.2020;10:31:57.000;0.026;187.829
5331;15.09.2020;10:31:58.000;0.026;187.899
5332;15.09.2020;10:31:59.000;0.026;187.923
5333;15.09.2020;10:32:00.000;0.026;189.122
5334;15.09.2020;10:32:01.000;0.026;189.661
5335;15.09.2020;10:32:02.000;0.026;189.642
5336;15.09.2020;10:32:03.000;0.025;189.694
5337;15.09.2020;10:32:04.000;0.026;189.682
5338;15.09.2020;10:32:05.000;0.025;189.642
5339;15.09.2020;10:32:06.000;0.025;189.659
5340;15.09.2020;10:32:07.000;0.025;189.653
5341;15.09.2020;10:32:08.000;0.025;189.711
5342;15.09.2020;10:32:09.000;0.026;189.733
